group,monitor,aqs_site_id,county,row_type,row,health_effects,period,period_start,period_end,value_shown,statistic,mean_ppb,screening_level_ppb,n_samples,n_weeks,coverage,coverage_flag,design_value,naaqs,dv_method,data_cutoff
Cancer Risk,Galena Park A1667 [53] [72] POC 6,48-201-0057,Harris,pollutant,"1,3-Butadiene",Cancer,2023,2023-01-01,2023-12-31,5.8417,mean ÷ screening level,0.24821,0.04249,7539.0,,0.86062,,,,,2026-08-11
Cancer Risk,Galena Park A1667 [53] [72] POC 6,48-201-0057,Harris,pollutant,"1,3-Butadiene",Cancer,2024,2024-01-01,2024-12-31,6.1123,mean ÷ screening level,0.25972,0.04249,7410.0,,0.84358,,,,,2026-08-11
Cancer Risk,Galena Park A1667 [53] [72] POC 6,48-201-0057,Harris,pollutant,"1,3-Butadiene",Cancer,2025,2025-01-01,2025-12-31,7.2183,mean ÷ screening level,0.30671,0.04249,7177.0,,0.81929,,,,,2026-08-11
Cancer Risk,Galena Park A1667 [53] [72] POC 6,48-201-0057,Harris,pollutant,"1,3-Butadiene",Cancer,2026 YTD,2026-01-01,2026-08-11,5.7165,mean ÷ screening level,0.24289,0.04249,4451.0,,0.83165,,,,,2026-08-11
Cancer Risk,Galena Park A1667 [53] [72] POC 6,48-201-0057,Harris,pollutant,"1,3-Butadiene",Cancer,Aug 2026,2026-08-01,2026-08-31,3.6954,mean of weekly means ÷ screening level,0.15702,0.04249,151.0,1.0,0.89881,,,,,2026-08-11
Cancer Risk,Galena Park A1667 [53] [72] POC 6,48-201-0057,Harris,pollutant,"1,3-Butadiene",Cancer,Last 365 Days,2025-08-11,2026-08-11,6.6586,mean ÷ screening level,0.28293,0.04249,7274.0,,0.8281,,,,,2026-08-11
Cancer Risk,Galena Park A1667 [53] [72] POC 6,48-201-0057,Harris,pollutant,Benzene,Cancer,2023,2023-01-01,2023-12-31,5.7075,mean ÷ screening level,0.64316,0.11269,7509.0,,0.85719,,,,,2026-08-11
Cancer Risk,Galena Park A1667 [53] [72] POC 6,48-201-0057,Harris,pollutant,Benzene,Cancer,2024,2024-01-01,2024-12-31,7.7486,mean ÷ screening level,0.87316,0.11269,7410.0,,0.84358,,,,,2026-08-11
Cancer Risk,Galena Park A1667 [53] [72] POC 6,48-201-0057,Harris,pollutant,Benzene,Cancer,2025,2025-01-01,2025-12-31,9.8953,mean ÷ screening level,1.11507,0.11269,7166.0,,0.81804,,,,,2026-08-11
Cancer Risk,Galena Park A1667 [53] [72] POC 6,48-201-0057,Harris,pollutant,Benzene,Cancer,2026 YTD,2026-01-01,2026-08-11,9.3781,mean ÷ screening level,1.05679,0.11269,4451.0,,0.83165,,,,,2026-08-11
Cancer Risk,Galena Park A1667 [53] [72] POC 6,48-201-0057,Harris,pollutant,Benzene,Cancer,Aug 2026,2026-08-01,2026-08-31,5.432,mean of weekly means ÷ screening level,0.61212,0.11269,151.0,1.0,0.89881,,,,,2026-08-11
Cancer Risk,Galena Park A1667 [53] [72] POC 6,48-201-0057,Harris,pollutant,Benzene,Cancer,Last 365 Days,2025-08-11,2026-08-11,10.2107,mean ÷ screening level,1.15061,0.11269,7263.0,,0.82684,,,,,2026-08-11
Cancer Risk,Galena Park A1667 [53] [72] POC 6,48-201-0057,Harris,total,Total (Combined),,2023,2023-01-01,2023-12-31,11.5492,sum of pollutant ratios,,,,,0.85719,,,,,2026-08-11
Cancer Risk,Galena Park A1667 [53] [72] POC 6,48-201-0057,Harris,total,Total (Combined),,2024,2024-01-01,2024-12-31,13.8609,sum of pollutant ratios,,,,,0.84358,,,,,2026-08-11
Cancer Risk,Galena Park A1667 [53] [72] POC 6,48-201-0057,Harris,total,Total (Combined),,2025,2025-01-01,2025-12-31,17.1136,sum of pollutant ratios,,,,,0.81804,,,,,2026-08-11
Cancer Risk,Galena Park A1667 [53] [72] POC 6,48-201-0057,Harris,total,Total (Combined),,2026 YTD,2026-01-01,2026-08-11,15.0946,sum of pollutant ratios,,,,,0.83165,,,,,2026-08-11
Cancer Risk,Galena Park A1667 [53] [72] POC 6,48-201-0057,Harris,total,Total (Combined),,Aug 2026,2026-08-01,2026-08-31,9.1274,sum of pollutant ratios,,,,,0.89881,,,,,2026-08-11
Cancer Risk,Galena Park A1667 [53] [72] POC 6,48-201-0057,Harris,total,Total (Combined),,Last 365 Days,2025-08-11,2026-08-11,16.8693,sum of pollutant ratios,,,,,0.82684,,,,,2026-08-11
Cancer Risk,Houston Milby Park A169 [K] POC 2,48-201-0069,Harris,pollutant,"1,3-Butadiene",Cancer,2023,2023-01-01,2023-12-31,29.1761,mean ÷ screening level,1.2397,0.04249,6459.0,,0.73733,*,,,,2026-08-11
Cancer Risk,Houston Milby Park A169 [K] POC 2,48-201-0069,Harris,pollutant,"1,3-Butadiene",Cancer,2024,2024-01-01,2024-12-31,39.5387,mean ÷ screening level,1.68001,0.04249,6476.0,,0.73725,*,,,,2026-08-11
Cancer Risk,Houston Milby Park A169 [K] POC 2,48-201-0069,Harris,pollutant,"1,3-Butadiene",Cancer,2025,2025-01-01,2025-12-31,22.9863,mean ÷ screening level,0.97669,0.04249,6371.0,,0.72728,*,,,,2026-08-11
Cancer Risk,Houston Milby Park A169 [K] POC 2,48-201-0069,Harris,pollutant,"1,3-Butadiene",Cancer,2026 YTD,2026-01-01,2026-08-11,20.252,mean ÷ screening level,0.86051,0.04249,4537.0,,0.84772,,,,,2026-08-11
Cancer Risk,Houston Milby Park A169 [K] POC 2,48-201-0069,Harris,pollutant,"1,3-Butadiene",Cancer,Aug 2026,2026-08-01,2026-08-31,13.3213,mean of weekly means ÷ screening level,0.56603,0.04249,151.0,1.0,0.89881,,,,,2026-08-11
Cancer Risk,Houston Milby Park A169 [K] POC 2,48-201-0069,Harris,pollutant,"1,3-Butadiene",Cancer,Last 365 Days,2025-08-11,2026-08-11,22.0872,mean ÷ screening level,0.93849,0.04249,6413.0,,0.73008,*,,,,2026-08-11
Cancer Risk,Houston Milby Park A169 [K] POC 2,48-201-0069,Harris,pollutant,Benzene,Cancer,2023,2023-01-01,2023-12-31,1.9986,mean ÷ screening level,0.22521,0.11269,6459.0,,0.73733,*,,,,2026-08-11
Cancer Risk,Houston Milby Park A169 [K] POC 2,48-201-0069,Harris,pollutant,Benzene,Cancer,2024,2024-01-01,2024-12-31,2.5432,mean ÷ screening level,0.28658,0.11269,6476.0,,0.73725,*,,,,2026-08-11
Cancer Risk,Houston Milby Park A169 [K] POC 2,48-201-0069,Harris,pollutant,Benzene,Cancer,2025,2025-01-01,2025-12-31,2.2047,mean ÷ screening level,0.24844,0.11269,6371.0,,0.72728,*,,,,2026-08-11
Cancer Risk,Houston Milby Park A169 [K] POC 2,48-201-0069,Harris,pollutant,Benzene,Cancer,2026 YTD,2026-01-01,2026-08-11,1.6053,mean ÷ screening level,0.18089,0.11269,4537.0,,0.84772,,,,,2026-08-11
Cancer Risk,Houston Milby Park A169 [K] POC 2,48-201-0069,Harris,pollutant,Benzene,Cancer,Aug 2026,2026-08-01,2026-08-31,0.871,mean of weekly means ÷ screening level,0.09815,0.11269,151.0,1.0,0.89881,,,,,2026-08-11
Cancer Risk,Houston Milby Park A169 [K] POC 2,48-201-0069,Harris,pollutant,Benzene,Cancer,Last 365 Days,2025-08-11,2026-08-11,2.1774,mean ÷ screening level,0.24537,0.11269,6413.0,,0.73008,*,,,,2026-08-11
Cancer Risk,Houston Milby Park A169 [K] POC 2,48-201-0069,Harris,total,Total (Combined),,2023,2023-01-01,2023-12-31,31.1747,sum of pollutant ratios,,,,,0.73733,*,,,,2026-08-11
Cancer Risk,Houston Milby Park A169 [K] POC 2,48-201-0069,Harris,total,Total (Combined),,2024,2024-01-01,2024-12-31,42.0819,sum of pollutant ratios,,,,,0.73725,*,,,,2026-08-11
Cancer Risk,Houston Milby Park A169 [K] POC 2,48-201-0069,Harris,total,Total (Combined),,2025,2025-01-01,2025-12-31,25.1909,sum of pollutant ratios,,,,,0.72728,*,,,,2026-08-11
Cancer Risk,Houston Milby Park A169 [K] POC 2,48-201-0069,Harris,total,Total (Combined),,2026 YTD,2026-01-01,2026-08-11,21.8572,sum of pollutant ratios,,,,,0.84772,,,,,2026-08-11
Cancer Risk,Houston Milby Park A169 [K] POC 2,48-201-0069,Harris,total,Total (Combined),,Aug 2026,2026-08-01,2026-08-31,14.1923,sum of pollutant ratios,,,,,0.89881,,,,,2026-08-11
Cancer Risk,Houston Milby Park A169 [K] POC 2,48-201-0069,Harris,total,Total (Combined),,Last 365 Days,2025-08-11,2026-08-11,24.2647,sum of pollutant ratios,,,,,0.73008,*,,,,2026-08-11
Cancer Risk,Lynchburg Ferry [23] POC 2,48-201-1015,Harris,pollutant,"1,3-Butadiene",Cancer,2023,2023-01-01,2023-12-31,3.3619,mean ÷ screening level,0.14285,0.04249,6954.0,,0.79384,,,,,2026-08-11
Cancer Risk,Lynchburg Ferry [23] POC 2,48-201-1015,Harris,pollutant,"1,3-Butadiene",Cancer,2024,2024-01-01,2024-12-31,2.7449,mean ÷ screening level,0.11663,0.04249,5575.0,,0.63468,*,,,,2026-08-11
Cancer Risk,Lynchburg Ferry [23] POC 2,48-201-1015,Harris,pollutant,"1,3-Butadiene",Cancer,2025,2025-01-01,2025-12-31,6.0414,mean ÷ screening level,0.2567,0.04249,6835.0,,0.78025,,,,,2026-08-11
Cancer Risk,Lynchburg Ferry [23] POC 2,48-201-1015,Harris,pollutant,"1,3-Butadiene",Cancer,2026 YTD,2026-01-01,2026-08-11,3.7161,mean ÷ screening level,0.1579,0.04249,4204.0,,0.7855,,,,,2026-08-11
Cancer Risk,Lynchburg Ferry [23] POC 2,48-201-1015,Harris,pollutant,"1,3-Butadiene",Cancer,Aug 2026,2026-08-01,2026-08-31,6.2843,mean of weekly means ÷ screening level,0.26702,0.04249,151.0,1.0,0.89881,,,,,2026-08-11
Cancer Risk,Lynchburg Ferry [23] POC 2,48-201-1015,Harris,pollutant,"1,3-Butadiene",Cancer,Last 365 Days,2025-08-11,2026-08-11,5.245,mean ÷ screening level,0.22286,0.04249,6992.0,,0.79599,,,,,2026-08-11
Cancer Risk,Lynchburg Ferry [23] POC 2,48-201-1015,Harris,pollutant,Benzene,Cancer,2023,2023-01-01,2023-12-31,7.5808,mean ÷ screening level,0.85426,0.11269,6958.0,,0.79429,,,,,2026-08-11
Cancer Risk,Lynchburg Ferry [23] POC 2,48-201-1015,Harris,pollutant,Benzene,Cancer,2024,2024-01-01,2024-12-31,6.2433,mean ÷ screening level,0.70354,0.11269,5576.0,,0.63479,*,,,,2026-08-11
Cancer Risk,Lynchburg Ferry [23] POC 2,48-201-1015,Harris,pollutant,Benzene,Cancer,2025,2025-01-01,2025-12-31,5.5174,mean ÷ screening level,0.62174,0.11269,6678.0,,0.76233,,,,,2026-08-11
Cancer Risk,Lynchburg Ferry [23] POC 2,48-201-1015,Harris,pollutant,Benzene,Cancer,2026 YTD,2026-01-01,2026-08-11,6.0815,mean ÷ screening level,0.68531,0.11269,4204.0,,0.7855,,,,,2026-08-11
Cancer Risk,Lynchburg Ferry [23] POC 2,48-201-1015,Harris,pollutant,Benzene,Cancer,Aug 2026,2026-08-01,2026-08-31,7.3103,mean of weekly means ÷ screening level,0.82377,0.11269,151.0,1.0,0.89881,,,,,2026-08-11
Cancer Risk,Lynchburg Ferry [23] POC 2,48-201-1015,Harris,pollutant,Benzene,Cancer,Last 365 Days,2025-08-11,2026-08-11,6.0178,mean ÷ screening level,0.67813,0.11269,6834.0,,0.77801,,,,,2026-08-11
Cancer Risk,Lynchburg Ferry [23] POC 2,48-201-1015,Harris,total,Total (Combined),,2023,2023-01-01,2023-12-31,10.9427,sum of pollutant ratios,,,,,0.79384,,,,,2026-08-11
Cancer Risk,Lynchburg Ferry [23] POC 2,48-201-1015,Harris,total,Total (Combined),,2024,2024-01-01,2024-12-31,8.9882,sum of pollutant ratios,,,,,0.63468,*,,,,2026-08-11
Cancer Risk,Lynchburg Ferry [23] POC 2,48-201-1015,Harris,total,Total (Combined),,2025,2025-01-01,2025-12-31,11.5587,sum of pollutant ratios,,,,,0.76233,,,,,2026-08-11
Cancer Risk,Lynchburg Ferry [23] POC 2,48-201-1015,Harris,total,Total (Combined),,2026 YTD,2026-01-01,2026-08-11,9.7976,sum of pollutant ratios,,,,,0.7855,,,,,2026-08-11
Cancer Risk,Lynchburg Ferry [23] POC 2,48-201-1015,Harris,total,Total (Combined),,Aug 2026,2026-08-01,2026-08-31,13.5945,sum of pollutant ratios,,,,,0.89881,,,,,2026-08-11
Cancer Risk,Lynchburg Ferry [23] POC 2,48-201-1015,Harris,total,Total (Combined),,Last 365 Days,2025-08-11,2026-08-11,11.2628,sum of pollutant ratios,,,,,0.77801,,,,,2026-08-11
EPA Criteria Pollutants,Baytown [0058],48-201-0058,Harris,pollutant,PM2.5,,2023,2023-01-01,2023-12-31,1.3079,design value ÷ NAAQS,,,,,,,45.778,35.0,p98,2026-04-30
EPA Criteria Pollutants,Baytown [0058],48-201-0058,Harris,pollutant,PM2.5,,2024,2024-01-01,2024-12-31,1.7114,design value ÷ NAAQS,,,,,,,59.9,35.0,p98,2026-04-30
EPA Criteria Pollutants,Baytown [0058],48-201-0058,Harris,pollutant,PM2.5,,2025,2025-01-01,2025-12-31,1.0861,design value ÷ NAAQS,,,,,,,38.012,35.0,p98,2026-04-30
EPA Criteria Pollutants,Baytown [0058],48-201-0058,Harris,pollutant,PM2.5,,2026 YTD (through Apr 2026),2026-01-01,2026-04-30,1.3711,design value ÷ NAAQS,,,,,,,47.99,35.0,p98,2026-04-30
EPA Criteria Pollutants,Baytown [0058],48-201-0058,Harris,pollutant,PM2.5,,Last 365 Days (ending Apr 2026),2025-04-30,2026-04-30,1.1758,design value ÷ NAAQS,,,,,,,41.152,35.0,p98,2026-04-30
EPA Criteria Pollutants,Baytown [0058],48-201-0058,Harris,pollutant,PM2.5,,Last Available Month (Apr 2026),2026-04-01,2026-04-30,1.2186,design value ÷ NAAQS,,,,,,,42.65,35.0,p98,2026-04-30
EPA Criteria Pollutants,Channelview [0026],48-201-0026,Harris,pollutant,NO2,,2023,2023-01-01,2023-12-31,0.4672,design value ÷ NAAQS,,,,,,,46.724,100.0,p98,2026-04-30
EPA Criteria Pollutants,Channelview [0026],48-201-0026,Harris,pollutant,NO2,,2024,2024-01-01,2024-12-31,0.4981,design value ÷ NAAQS,,,,,,,49.808,100.0,p98,2026-04-30
EPA Criteria Pollutants,Channelview [0026],48-201-0026,Harris,pollutant,NO2,,2025,2025-01-01,2025-12-31,0.4893,design value ÷ NAAQS,,,,,,,48.93,100.0,p98,2026-04-30
EPA Criteria Pollutants,Channelview [0026],48-201-0026,Harris,pollutant,NO2,,2026 YTD (through Apr 2026),2026-01-01,2026-04-30,0.5161,design value ÷ NAAQS,,,,,,,51.612,100.0,p98,2026-04-30
EPA Criteria Pollutants,Channelview [0026],48-201-0026,Harris,pollutant,NO2,,Last 365 Days (ending Apr 2026),2025-04-30,2026-04-30,0.4553,design value ÷ NAAQS,,,,,,,45.532,100.0,p98,2026-04-30
EPA Criteria Pollutants,Channelview [0026],48-201-0026,Harris,pollutant,NO2,,Last Available Month (Apr 2026),2026-04-01,2026-04-30,0.2782,design value ÷ NAAQS,,,,,,,27.822,100.0,p98,2026-04-30
EPA Criteria Pollutants,Channelview [0026],48-201-0026,Harris,pollutant,O3,,2023,2023-01-01,2023-12-31,1.2143,design value ÷ NAAQS,,,,,,,0.085,0.07,4th,2026-04-30
EPA Criteria Pollutants,Channelview [0026],48-201-0026,Harris,pollutant,O3,,2024,2024-01-01,2024-12-31,1.0714,design value ÷ NAAQS,,,,,,,0.075,0.07,4th,2026-04-30
EPA Criteria Pollutants,Channelview [0026],48-201-0026,Harris,pollutant,O3,,2025,2025-01-01,2025-12-31,1.0571,design value ÷ NAAQS,,,,,,,0.074,0.07,4th,2026-04-30
EPA Criteria Pollutants,Channelview [0026],48-201-0026,Harris,pollutant,O3,,2026 YTD (through Apr 2026),2026-01-01,2026-04-30,0.7143,design value ÷ NAAQS,,,,,,,0.05,0.07,4th,2026-04-30
EPA Criteria Pollutants,Channelview [0026],48-201-0026,Harris,pollutant,O3,,Last 365 Days (ending Apr 2026),2025-04-30,2026-04-30,1.0571,design value ÷ NAAQS,,,,,,,0.074,0.07,4th,2026-04-30
EPA Criteria Pollutants,Channelview [0026],48-201-0026,Harris,pollutant,O3,,Last Available Month (Apr 2026),2026-04-01,2026-04-30,0.5857,design value ÷ NAAQS,,,,,,,0.041,0.07,4th,2026-04-30
EPA Criteria Pollutants,Clinton [1035],48-201-1035,Harris,pollutant,NO2,,2023,2023-01-01,2023-12-31,0.4873,design value ÷ NAAQS,,,,,,,48.728,100.0,p98,2026-04-30
EPA Criteria Pollutants,Clinton [1035],48-201-1035,Harris,pollutant,NO2,,2024,2024-01-01,2024-12-31,0.4749,design value ÷ NAAQS,,,,,,,47.49,100.0,p98,2026-04-30
EPA Criteria Pollutants,Clinton [1035],48-201-1035,Harris,pollutant,NO2,,2025,2025-01-01,2025-12-31,0.4443,design value ÷ NAAQS,,,,,,,44.43,100.0,p98,2026-04-30
EPA Criteria Pollutants,Clinton [1035],48-201-1035,Harris,pollutant,NO2,,2026 YTD (through Apr 2026),2026-01-01,2026-04-30,0.4664,design value ÷ NAAQS,,,,,,,46.64,100.0,p98,2026-04-30
EPA Criteria Pollutants,Clinton [1035],48-201-1035,Harris,pollutant,NO2,,Last 365 Days (ending Apr 2026),2025-04-30,2026-04-30,0.4011,design value ÷ NAAQS,,,,,,,40.108,100.0,p98,2026-04-30
EPA Criteria Pollutants,Clinton [1035],48-201-1035,Harris,pollutant,O3,,2023,2023-01-01,2023-12-31,1.1714,design value ÷ NAAQS,,,,,,,0.082,0.07,4th,2026-04-30
EPA Criteria Pollutants,Clinton [1035],48-201-1035,Harris,pollutant,O3,,2024,2024-01-01,2024-12-31,1.2,design value ÷ NAAQS,,,,,,,0.084,0.07,4th,2026-04-30
EPA Criteria Pollutants,Clinton [1035],48-201-1035,Harris,pollutant,O3,,2025,2025-01-01,2025-12-31,1.0714,design value ÷ NAAQS,,,,,,,0.075,0.07,4th,2026-04-30
EPA Criteria Pollutants,Clinton [1035],48-201-1035,Harris,pollutant,O3,,2026 YTD (through Apr 2026),2026-01-01,2026-04-30,0.6143,design value ÷ NAAQS,,,,,,,0.043,0.07,4th,2026-04-30
EPA Criteria Pollutants,Clinton [1035],48-201-1035,Harris,pollutant,O3,,Last 365 Days (ending Apr 2026),2025-04-30,2026-04-30,1.0714,design value ÷ NAAQS,,,,,,,0.075,0.07,4th,2026-04-30
EPA Criteria Pollutants,Clinton [1035],48-201-1035,Harris,pollutant,PM2.5,,2023,2023-01-01,2023-12-31,0.6829,design value ÷ NAAQS,,,,,,,23.902,35.0,p98,2026-04-30
EPA Criteria Pollutants,Clinton [1035],48-201-1035,Harris,pollutant,PM2.5,,2024,2024-01-01,2024-12-31,0.9212,design value ÷ NAAQS,,,,,,,32.242,35.0,p98,2026-04-30
EPA Criteria Pollutants,Clinton [1035],48-201-1035,Harris,pollutant,PM2.5,,2025,2025-01-01,2025-12-31,1.9962,design value ÷ NAAQS,,,,,,,69.868,35.0,p98,2026-04-30
EPA Criteria Pollutants,Clinton [1035],48-201-1035,Harris,pollutant,PM2.5,,2026 YTD (through Apr 2026),2026-01-01,2026-04-30,1.4743,design value ÷ NAAQS,,,,,,,51.6,35.0,p98,2026-04-30
EPA Criteria Pollutants,Clinton [1035],48-201-1035,Harris,pollutant,PM2.5,,Last 365 Days (ending Apr 2026),2025-04-30,2026-04-30,1.6159,design value ÷ NAAQS,,,,,,,56.558,35.0,p98,2026-04-30
EPA Criteria Pollutants,Clinton [1035],48-201-1035,Harris,pollutant,SO2,,2023,2023-01-01,2023-12-31,0.0999,design value ÷ NAAQS,,,,,,,7.492,75.0,p99,2026-04-30
EPA Criteria Pollutants,Clinton [1035],48-201-1035,Harris,pollutant,SO2,,2024,2024-01-01,2024-12-31,0.0361,design value ÷ NAAQS,,,,,,,2.708,75.0,p99,2026-04-30
EPA Criteria Pollutants,Clinton [1035],48-201-1035,Harris,pollutant,SO2,,2025,2025-01-01,2025-12-31,0.028,design value ÷ NAAQS,,,,,,,2.1,75.0,p99,2026-04-30
EPA Criteria Pollutants,Clinton [1035],48-201-1035,Harris,pollutant,SO2,,2026 YTD (through Apr 2026),2026-01-01,2026-04-30,0.1462,design value ÷ NAAQS,,,,,,,10.965,75.0,p99,2026-04-30
EPA Criteria Pollutants,Clinton [1035],48-201-1035,Harris,pollutant,SO2,,Last 365 Days (ending Apr 2026),2025-04-30,2026-04-30,0.079,design value ÷ NAAQS,,,,,,,5.922,75.0,p99,2026-04-30
EPA Criteria Pollutants,Houston East [1034],48-201-1034,Harris,pollutant,NO2,,2023,2023-01-01,2023-12-31,0.4654,design value ÷ NAAQS,,,,,,,46.544,100.0,p98,2026-04-30
EPA Criteria Pollutants,Houston East [1034],48-201-1034,Harris,pollutant,NO2,,2024,2024-01-01,2024-12-31,0.461,design value ÷ NAAQS,,,,,,,46.1,100.0,p98,2026-04-30
EPA Criteria Pollutants,Houston East [1034],48-201-1034,Harris,pollutant,NO2,,2025,2025-01-01,2025-12-31,0.4776,design value ÷ NAAQS,,,,,,,47.76,100.0,p98,2026-04-30
EPA Criteria Pollutants,Houston East [1034],48-201-1034,Harris,pollutant,NO2,,2026 YTD (through Apr 2026),2026-01-01,2026-04-30,0.4719,design value ÷ NAAQS,,,,,,,47.192,100.0,p98,2026-04-30
EPA Criteria Pollutants,Houston East [1034],48-201-1034,Harris,pollutant,NO2,,Last 365 Days (ending Apr 2026),2025-04-30,2026-04-30,0.4534,design value ÷ NAAQS,,,,,,,45.34,100.0,p98,2026-04-30
EPA Criteria Pollutants,Houston East [1034],48-201-1034,Harris,pollutant,NO2,,Last Available Month (Apr 2026),2026-04-01,2026-04-30,0.3513,design value ÷ NAAQS,,,,,,,35.126,100.0,p98,2026-04-30
EPA Criteria Pollutants,Houston East [1034],48-201-1034,Harris,pollutant,O3,,2023,2023-01-01,2023-12-31,1.2857,design value ÷ NAAQS,,,,,,,0.09,0.07,4th,2026-04-30
EPA Criteria Pollutants,Houston East [1034],48-201-1034,Harris,pollutant,O3,,2024,2024-01-01,2024-12-31,1.2,design value ÷ NAAQS,,,,,,,0.084,0.07,4th,2026-04-30
EPA Criteria Pollutants,Houston East [1034],48-201-1034,Harris,pollutant,O3,,2025,2025-01-01,2025-12-31,1.0714,design value ÷ NAAQS,,,,,,,0.075,0.07,4th,2026-04-30
EPA Criteria Pollutants,Houston East [1034],48-201-1034,Harris,pollutant,O3,,2026 YTD (through Apr 2026),2026-01-01,2026-04-30,0.7143,design value ÷ NAAQS,,,,,,,0.05,0.07,4th,2026-04-30
EPA Criteria Pollutants,Houston East [1034],48-201-1034,Harris,pollutant,O3,,Last 365 Days (ending Apr 2026),2025-04-30,2026-04-30,1.0714,design value ÷ NAAQS,,,,,,,0.075,0.07,4th,2026-04-30
EPA Criteria Pollutants,Houston East [1034],48-201-1034,Harris,pollutant,O3,,Last Available Month (Apr 2026),2026-04-01,2026-04-30,0.5571,design value ÷ NAAQS,,,,,,,0.039,0.07,4th,2026-04-30
EPA Criteria Pollutants,Houston East [1034],48-201-1034,Harris,pollutant,PM2.5,,2023,2023-01-01,2023-12-31,1.3154,design value ÷ NAAQS,,,,,,,46.04,35.0,p98,2026-04-30
EPA Criteria Pollutants,Houston East [1034],48-201-1034,Harris,pollutant,PM2.5,,2024,2024-01-01,2024-12-31,1.5617,design value ÷ NAAQS,,,,,,,54.66,35.0,p98,2026-04-30
EPA Criteria Pollutants,Houston East [1034],48-201-1034,Harris,pollutant,PM2.5,,2025,2025-01-01,2025-12-31,1.3514,design value ÷ NAAQS,,,,,,,47.3,35.0,p98,2026-04-30
EPA Criteria Pollutants,Houston East [1034],48-201-1034,Harris,pollutant,PM2.5,,2026 YTD (through Apr 2026),2026-01-01,2026-04-30,1.6047,design value ÷ NAAQS,,,,,,,56.164,35.0,p98,2026-04-30
EPA Criteria Pollutants,Houston East [1034],48-201-1034,Harris,pollutant,PM2.5,,Last 365 Days (ending Apr 2026),2025-04-30,2026-04-30,1.2947,design value ÷ NAAQS,,,,,,,45.316,35.0,p98,2026-04-30
EPA Criteria Pollutants,Houston East [1034],48-201-1034,Harris,pollutant,PM2.5,,Last Available Month (Apr 2026),2026-04-01,2026-04-30,0.8549,design value ÷ NAAQS,,,,,,,29.922,35.0,p98,2026-04-30
EPA Criteria Pollutants,Houston Finnigan Park [1099],48-201-1099,Harris,pollutant,PM2.5,,2025,2025-01-01,2025-12-31,1.0661,design value ÷ NAAQS,,,,,,,37.312,35.0,p98,2026-04-30
EPA Criteria Pollutants,Houston Finnigan Park [1099],48-201-1099,Harris,pollutant,PM2.5,,2026 YTD (through Apr 2026),2026-01-01,2026-04-30,1.6763,design value ÷ NAAQS,,,,,,,58.672,35.0,p98,2026-04-30
EPA Criteria Pollutants,Houston Finnigan Park [1099],48-201-1099,Harris,pollutant,PM2.5,,Last 365 Days (ending Apr 2026),2025-04-30,2026-04-30,1.6342,design value ÷ NAAQS,,,,,,,57.196,35.0,p98,2026-04-30
EPA Criteria Pollutants,Houston Finnigan Park [1099],48-201-1099,Harris,pollutant,PM2.5,,Last Available Month (Apr 2026),2026-04-01,2026-04-30,1.0796,design value ÷ NAAQS,,,,,,,37.786,35.0,p98,2026-04-30
EPA Criteria Pollutants,Houston Pleasantville Elementary [1056],48-201-1056,Harris,pollutant,PM2.5,,2025,2025-01-01,2025-12-31,1.2123,design value ÷ NAAQS,,,,,,,42.43,35.0,p98,2026-04-30
EPA Criteria Pollutants,Houston Pleasantville Elementary [1056],48-201-1056,Harris,pollutant,PM2.5,,2026 YTD (through Apr 2026),2026-01-01,2026-04-30,1.02,design value ÷ NAAQS,,,,,,,35.7,35.0,p98,2026-04-30
EPA Criteria Pollutants,Houston Pleasantville Elementary [1056],48-201-1056,Harris,pollutant,PM2.5,,Last 365 Days (ending Apr 2026),2025-04-30,2026-04-30,1.1742,design value ÷ NAAQS,,,,,,,41.096,35.0,p98,2026-04-30
EPA Criteria Pollutants,Houston Pleasantville Elementary [1056],48-201-1056,Harris,pollutant,PM2.5,,Last Available Month (Apr 2026),2026-04-01,2026-04-30,0.992,design value ÷ NAAQS,,,,,,,34.72,35.0,p98,2026-04-30
EPA Criteria Pollutants,Lynchburg Ferry [1015],48-201-1015,Harris,pollutant,NO2,,2023,2023-01-01,2023-12-31,0.4259,design value ÷ NAAQS,,,,,,,42.588,100.0,p98,2026-04-30
EPA Criteria Pollutants,Lynchburg Ferry [1015],48-201-1015,Harris,pollutant,NO2,,2024,2024-01-01,2024-12-31,0.5423,design value ÷ NAAQS,,,,,,,54.226,100.0,p98,2026-04-30
EPA Criteria Pollutants,Lynchburg Ferry [1015],48-201-1015,Harris,pollutant,NO2,,2025,2025-01-01,2025-12-31,0.4846,design value ÷ NAAQS,,,,,,,48.464,100.0,p98,2026-04-30
EPA Criteria Pollutants,Lynchburg Ferry [1015],48-201-1015,Harris,pollutant,NO2,,2026 YTD (through Apr 2026),2026-01-01,2026-04-30,0.5297,design value ÷ NAAQS,,,,,,,52.968,100.0,p98,2026-04-30
EPA Criteria Pollutants,Lynchburg Ferry [1015],48-201-1015,Harris,pollutant,NO2,,Last 365 Days (ending Apr 2026),2025-04-30,2026-04-30,0.5141,design value ÷ NAAQS,,,,,,,51.406,100.0,p98,2026-04-30
EPA Criteria Pollutants,Lynchburg Ferry [1015],48-201-1015,Harris,pollutant,NO2,,Last Available Month (Apr 2026),2026-04-01,2026-04-30,0.3037,design value ÷ NAAQS,,,,,,,30.372,100.0,p98,2026-04-30
EPA Criteria Pollutants,Lynchburg Ferry [1015],48-201-1015,Harris,pollutant,O3,,2023,2023-01-01,2023-12-31,1.1714,design value ÷ NAAQS,,,,,,,0.082,0.07,4th,2026-04-30
EPA Criteria Pollutants,Lynchburg Ferry [1015],48-201-1015,Harris,pollutant,O3,,2024,2024-01-01,2024-12-31,1.1143,design value ÷ NAAQS,,,,,,,0.078,0.07,4th,2026-04-30
EPA Criteria Pollutants,Lynchburg Ferry [1015],48-201-1015,Harris,pollutant,O3,,2025,2025-01-01,2025-12-31,1.0143,design value ÷ NAAQS,,,,,,,0.071,0.07,4th,2026-04-30
EPA Criteria Pollutants,Lynchburg Ferry [1015],48-201-1015,Harris,pollutant,O3,,2026 YTD (through Apr 2026),2026-01-01,2026-04-30,0.7143,design value ÷ NAAQS,,,,,,,0.05,0.07,4th,2026-04-30
EPA Criteria Pollutants,Lynchburg Ferry [1015],48-201-1015,Harris,pollutant,O3,,Last 365 Days (ending Apr 2026),2025-04-30,2026-04-30,1.0143,design value ÷ NAAQS,,,,,,,0.071,0.07,4th,2026-04-30
EPA Criteria Pollutants,Lynchburg Ferry [1015],48-201-1015,Harris,pollutant,O3,,Last Available Month (Apr 2026),2026-04-01,2026-04-30,0.6,design value ÷ NAAQS,,,,,,,0.042,0.07,4th,2026-04-30
EPA Criteria Pollutants,Park Place [0416],48-201-0416,Harris,pollutant,NO2,,2023,2023-01-01,2023-12-31,0.4407,design value ÷ NAAQS,,,,,,,44.07,100.0,p98,2026-04-30
EPA Criteria Pollutants,Park Place [0416],48-201-0416,Harris,pollutant,NO2,,2024,2024-01-01,2024-12-31,0.4058,design value ÷ NAAQS,,,,,,,40.576,100.0,p98,2026-04-30
EPA Criteria Pollutants,Park Place [0416],48-201-0416,Harris,pollutant,NO2,,2025,2025-01-01,2025-12-31,0.411,design value ÷ NAAQS,,,,,,,41.1,100.0,p98,2026-04-30
EPA Criteria Pollutants,Park Place [0416],48-201-0416,Harris,pollutant,NO2,,Last 365 Days (ending Apr 2026),2025-04-30,2026-04-30,0.403,design value ÷ NAAQS,,,,,,,40.3,100.0,p98,2026-04-30
EPA Criteria Pollutants,Park Place [0416],48-201-0416,Harris,pollutant,O3,,2023,2023-01-01,2023-12-31,1.2143,design value ÷ NAAQS,,,,,,,0.085,0.07,4th,2026-04-30
EPA Criteria Pollutants,Park Place [0416],48-201-0416,Harris,pollutant,O3,,2024,2024-01-01,2024-12-31,1.1714,design value ÷ NAAQS,,,,,,,0.082,0.07,4th,2026-04-30
EPA Criteria Pollutants,Park Place [0416],48-201-0416,Harris,pollutant,O3,,2025,2025-01-01,2025-12-31,1.0857,design value ÷ NAAQS,,,,,,,0.076,0.07,4th,2026-04-30
EPA Criteria Pollutants,Park Place [0416],48-201-0416,Harris,pollutant,O3,,2026 YTD (through Apr 2026),2026-01-01,2026-04-30,0.7,design value ÷ NAAQS,,,,,,,0.049,0.07,4th,2026-04-30
EPA Criteria Pollutants,Park Place [0416],48-201-0416,Harris,pollutant,O3,,Last 365 Days (ending Apr 2026),2025-04-30,2026-04-30,1.0857,design value ÷ NAAQS,,,,,,,0.076,0.07,4th,2026-04-30
EPA Criteria Pollutants,Park Place [0416],48-201-0416,Harris,pollutant,SO2,,2023,2023-01-01,2023-12-31,0.1287,design value ÷ NAAQS,,,,,,,9.652,75.0,p99,2026-04-30
EPA Criteria Pollutants,Park Place [0416],48-201-0416,Harris,pollutant,SO2,,2024,2024-01-01,2024-12-31,0.0975,design value ÷ NAAQS,,,,,,,7.312,75.0,p99,2026-04-30
EPA Criteria Pollutants,Park Place [0416],48-201-0416,Harris,pollutant,SO2,,2025,2025-01-01,2025-12-31,0.0966,design value ÷ NAAQS,,,,,,,7.244,75.0,p99,2026-04-30
EPA Criteria Pollutants,Park Place [0416],48-201-0416,Harris,pollutant,SO2,,2026 YTD (through Apr 2026),2026-01-01,2026-04-30,0.0765,design value ÷ NAAQS,,,,,,,5.74,75.0,p99,2026-04-30
EPA Criteria Pollutants,Park Place [0416],48-201-0416,Harris,pollutant,SO2,,Last 365 Days (ending Apr 2026),2025-04-30,2026-04-30,0.1005,design value ÷ NAAQS,,,,,,,7.536,75.0,p99,2026-04-30
Other Health Risks,Galena Park A1667 [53] [72] POC 6,48-201-0057,Harris,health_effect_total,Ability to have children,Reproductive,2023,2023-01-01,2023-12-31,0.2615,sum of pollutant ratios,,,,,0.86062,,,,,2026-08-11
Other Health Risks,Galena Park A1667 [53] [72] POC 6,48-201-0057,Harris,health_effect_total,Ability to have children,Reproductive,2024,2024-01-01,2024-12-31,0.2736,sum of pollutant ratios,,,,,0.84358,,,,,2026-08-11
Other Health Risks,Galena Park A1667 [53] [72] POC 6,48-201-0057,Harris,health_effect_total,Ability to have children,Reproductive,2025,2025-01-01,2025-12-31,0.3231,sum of pollutant ratios,,,,,0.81929,,,,,2026-08-11
Other Health Risks,Galena Park A1667 [53] [72] POC 6,48-201-0057,Harris,health_effect_total,Ability to have children,Reproductive,2026 YTD,2026-01-01,2026-08-11,0.2559,sum of pollutant ratios,,,,,0.83165,,,,,2026-08-11
Other Health Risks,Galena Park A1667 [53] [72] POC 6,48-201-0057,Harris,health_effect_total,Ability to have children,Reproductive,Aug 2026,2026-08-01,2026-08-31,0.1654,sum of pollutant ratios,,,,,0.89881,,,,,2026-08-11
Other Health Risks,Galena Park A1667 [53] [72] POC 6,48-201-0057,Harris,health_effect_total,Ability to have children,Reproductive,Last 365 Days,2025-08-11,2026-08-11,0.2981,sum of pollutant ratios,,,,,0.8281,,,,,2026-08-11
Other Health Risks,Galena Park A1667 [53] [72] POC 6,48-201-0057,Harris,health_effect_total,Blood,Hematological,2023,2023-01-01,2023-12-31,0.012,sum of pollutant ratios,,,,,0.85274,,,,,2026-08-11
Other Health Risks,Galena Park A1667 [53] [72] POC 6,48-201-0057,Harris,health_effect_total,Blood,Hematological,2024,2024-01-01,2024-12-31,0.0107,sum of pollutant ratios,,,,,0.84164,,,,,2026-08-11
Other Health Risks,Galena Park A1667 [53] [72] POC 6,48-201-0057,Harris,health_effect_total,Blood,Hematological,2025,2025-01-01,2025-12-31,0.0081,sum of pollutant ratios,,,,,0.76119,,,,,2026-08-11
Other Health Risks,Galena Park A1667 [53] [72] POC 6,48-201-0057,Harris,health_effect_total,Blood,Hematological,2026 YTD,2026-01-01,2026-08-11,0.011,sum of pollutant ratios,,,,,0.75897,,,,,2026-08-11
Other Health Risks,Galena Park A1667 [53] [72] POC 6,48-201-0057,Harris,health_effect_total,Blood,Hematological,Aug 2026,2026-08-01,2026-08-31,0.0088,sum of pollutant ratios,,,,,0.89881,,,,,2026-08-11
Other Health Risks,Galena Park A1667 [53] [72] POC 6,48-201-0057,Harris,health_effect_total,Blood,Hematological,Last 365 Days,2025-08-11,2026-08-11,0.0105,sum of pollutant ratios,,,,,0.73281,*,,,,2026-08-11
Other Health Risks,Galena Park A1667 [53] [72] POC 6,48-201-0057,Harris,health_effect_total,Brain and nervous system,Nervous,2023,2023-01-01,2023-12-31,0.0365,sum of pollutant ratios,,,,,0.85274,,,,,2026-08-11
Other Health Risks,Galena Park A1667 [53] [72] POC 6,48-201-0057,Harris,health_effect_total,Brain and nervous system,Nervous,2024,2024-01-01,2024-12-31,0.04,sum of pollutant ratios,,,,,0.84164,,,,,2026-08-11
Other Health Risks,Galena Park A1667 [53] [72] POC 6,48-201-0057,Harris,health_effect_total,Brain and nervous system,Nervous,2025,2025-01-01,2025-12-31,0.0349,sum of pollutant ratios,,,,,0.76119,,,,,2026-08-11
Other Health Risks,Galena Park A1667 [53] [72] POC 6,48-201-0057,Harris,health_effect_total,Brain and nervous system,Nervous,2026 YTD,2026-01-01,2026-08-11,0.0379,sum of pollutant ratios,,,,,0.75897,,,,,2026-08-11
Other Health Risks,Galena Park A1667 [53] [72] POC 6,48-201-0057,Harris,health_effect_total,Brain and nervous system,Nervous,Aug 2026,2026-08-01,2026-08-31,0.0325,sum of pollutant ratios,,,,,0.89881,,,,,2026-08-11
Other Health Risks,Galena Park A1667 [53] [72] POC 6,48-201-0057,Harris,health_effect_total,Brain and nervous system,Nervous,Last 365 Days,2025-08-11,2026-08-11,0.0382,sum of pollutant ratios,,,,,0.73281,*,,,,2026-08-11
Other Health Risks,Galena Park A1667 [53] [72] POC 6,48-201-0057,Harris,health_effect_total,Growth and development (children's),Developmental,2023,2023-01-01,2023-12-31,0.0107,sum of pollutant ratios,,,,,0.85274,,,,,2026-08-11
Other Health Risks,Galena Park A1667 [53] [72] POC 6,48-201-0057,Harris,health_effect_total,Growth and development (children's),Developmental,2024,2024-01-01,2024-12-31,0.0098,sum of pollutant ratios,,,,,0.84164,,,,,2026-08-11
Other Health Risks,Galena Park A1667 [53] [72] POC 6,48-201-0057,Harris,health_effect_total,Growth and development (children's),Developmental,2025,2025-01-01,2025-12-31,0.008,sum of pollutant ratios,,,,,0.76119,,,,,2026-08-11
Other Health Risks,Galena Park A1667 [53] [72] POC 6,48-201-0057,Harris,health_effect_total,Growth and development (children's),Developmental,2026 YTD,2026-01-01,2026-08-11,0.0109,sum of pollutant ratios,,,,,0.75897,,,,,2026-08-11
Other Health Risks,Galena Park A1667 [53] [72] POC 6,48-201-0057,Harris,health_effect_total,Growth and development (children's),Developmental,Aug 2026,2026-08-01,2026-08-31,0.0082,sum of pollutant ratios,,,,,0.89881,,,,,2026-08-11
Other Health Risks,Galena Park A1667 [53] [72] POC 6,48-201-0057,Harris,health_effect_total,Growth and development (children's),Developmental,Last 365 Days,2025-08-11,2026-08-11,0.0103,sum of pollutant ratios,,,,,0.73281,*,,,,2026-08-11
Other Health Risks,Galena Park A1667 [53] [72] POC 6,48-201-0057,Harris,health_effect_total,Hormone system,Endocrine,2023,2023-01-01,2023-12-31,0.0006,sum of pollutant ratios,,,,,0.86062,,,,,2026-08-11
Other Health Risks,Galena Park A1667 [53] [72] POC 6,48-201-0057,Harris,health_effect_total,Hormone system,Endocrine,2024,2024-01-01,2024-12-31,0.0003,sum of pollutant ratios,,,,,0.84358,,,,,2026-08-11
Other Health Risks,Galena Park A1667 [53] [72] POC 6,48-201-0057,Harris,health_effect_total,Hormone system,Endocrine,2025,2025-01-01,2025-12-31,0.0002,sum of pollutant ratios,,,,,0.81929,,,,,2026-08-11
Other Health Risks,Galena Park A1667 [53] [72] POC 6,48-201-0057,Harris,health_effect_total,Hormone system,Endocrine,2026 YTD,2026-01-01,2026-08-11,0.0001,sum of pollutant ratios,,,,,0.83165,,,,,2026-08-11
Other Health Risks,Galena Park A1667 [53] [72] POC 6,48-201-0057,Harris,health_effect_total,Hormone system,Endocrine,Aug 2026,2026-08-01,2026-08-31,0.0,sum of pollutant ratios,,,,,0.89881,,,,,2026-08-11
Other Health Risks,Galena Park A1667 [53] [72] POC 6,48-201-0057,Harris,health_effect_total,Hormone system,Endocrine,Last 365 Days,2025-08-11,2026-08-11,0.0001,sum of pollutant ratios,,,,,0.8281,,,,,2026-08-11
Other Health Risks,Galena Park A1667 [53] [72] POC 6,48-201-0057,Harris,health_effect_total,Immune system,Immune,2023,2023-01-01,2023-12-31,0.0663,sum of pollutant ratios,,,,,0.85719,,,,,2026-08-11
Other Health Risks,Galena Park A1667 [53] [72] POC 6,48-201-0057,Harris,health_effect_total,Immune system,Immune,2024,2024-01-01,2024-12-31,0.09,sum of pollutant ratios,,,,,0.84358,,,,,2026-08-11
Other Health Risks,Galena Park A1667 [53] [72] POC 6,48-201-0057,Harris,health_effect_total,Immune system,Immune,2025,2025-01-01,2025-12-31,0.1149,sum of pollutant ratios,,,,,0.81804,,,,,2026-08-11
Other Health Risks,Galena Park A1667 [53] [72] POC 6,48-201-0057,Harris,health_effect_total,Immune system,Immune,2026 YTD,2026-01-01,2026-08-11,0.1089,sum of pollutant ratios,,,,,0.83165,,,,,2026-08-11
Other Health Risks,Galena Park A1667 [53] [72] POC 6,48-201-0057,Harris,health_effect_total,Immune system,Immune,Aug 2026,2026-08-01,2026-08-31,0.0631,sum of pollutant ratios,,,,,0.89881,,,,,2026-08-11
Other Health Risks,Galena Park A1667 [53] [72] POC 6,48-201-0057,Harris,health_effect_total,Immune system,Immune,Last 365 Days,2025-08-11,2026-08-11,0.1186,sum of pollutant ratios,,,,,0.82684,,,,,2026-08-11
Other Health Risks,Galena Park A1667 [53] [72] POC 6,48-201-0057,Harris,health_effect_total,Kidneys and urinary system,Urinary,2023,2023-01-01,2023-12-31,0.0018,sum of pollutant ratios,,,,,0.85719,,,,,2026-08-11
Other Health Risks,Galena Park A1667 [53] [72] POC 6,48-201-0057,Harris,health_effect_total,Kidneys and urinary system,Urinary,2024,2024-01-01,2024-12-31,0.0018,sum of pollutant ratios,,,,,0.84358,,,,,2026-08-11
Other Health Risks,Galena Park A1667 [53] [72] POC 6,48-201-0057,Harris,health_effect_total,Kidneys and urinary system,Urinary,2025,2025-01-01,2025-12-31,0.0019,sum of pollutant ratios,,,,,0.81804,,,,,2026-08-11
Other Health Risks,Galena Park A1667 [53] [72] POC 6,48-201-0057,Harris,health_effect_total,Kidneys and urinary system,Urinary,2026 YTD,2026-01-01,2026-08-11,0.0015,sum of pollutant ratios,,,,,0.83165,,,,,2026-08-11
Other Health Risks,Galena Park A1667 [53] [72] POC 6,48-201-0057,Harris,health_effect_total,Kidneys and urinary system,Urinary,Aug 2026,2026-08-01,2026-08-31,0.0012,sum of pollutant ratios,,,,,0.89881,,,,,2026-08-11
Other Health Risks,Galena Park A1667 [53] [72] POC 6,48-201-0057,Harris,health_effect_total,Kidneys and urinary system,Urinary,Last 365 Days,2025-08-11,2026-08-11,0.0018,sum of pollutant ratios,,,,,0.82684,,,,,2026-08-11
Other Health Risks,Galena Park A1667 [53] [72] POC 6,48-201-0057,Harris,health_effect_total,Liver,Hepatic,2023,2023-01-01,2023-12-31,0.0008,sum of pollutant ratios,,,,,0.86062,,,,,2026-08-11
Other Health Risks,Galena Park A1667 [53] [72] POC 6,48-201-0057,Harris,health_effect_total,Liver,Hepatic,2024,2024-01-01,2024-12-31,0.0008,sum of pollutant ratios,,,,,0.84358,,,,,2026-08-11
Other Health Risks,Galena Park A1667 [53] [72] POC 6,48-201-0057,Harris,health_effect_total,Liver,Hepatic,2025,2025-01-01,2025-12-31,0.0009,sum of pollutant ratios,,,,,0.81929,,,,,2026-08-11
Other Health Risks,Galena Park A1667 [53] [72] POC 6,48-201-0057,Harris,health_effect_total,Liver,Hepatic,2026 YTD,2026-01-01,2026-08-11,0.0008,sum of pollutant ratios,,,,,0.83165,,,,,2026-08-11
Other Health Risks,Galena Park A1667 [53] [72] POC 6,48-201-0057,Harris,health_effect_total,Liver,Hepatic,Aug 2026,2026-08-01,2026-08-31,0.0006,sum of pollutant ratios,,,,,0.89881,,,,,2026-08-11
Other Health Risks,Galena Park A1667 [53] [72] POC 6,48-201-0057,Harris,health_effect_total,Liver,Hepatic,Last 365 Days,2025-08-11,2026-08-11,0.001,sum of pollutant ratios,,,,,0.8281,,,,,2026-08-11
Other Health Risks,Galena Park A1667 [53] [72] POC 6,48-201-0057,Harris,health_effect_total,Lungs & breathing,Respiratory,2023,2023-01-01,2023-12-31,0.0118,sum of pollutant ratios,,,,,0.85274,,,,,2026-08-11
Other Health Risks,Galena Park A1667 [53] [72] POC 6,48-201-0057,Harris,health_effect_total,Lungs & breathing,Respiratory,2024,2024-01-01,2024-12-31,0.0105,sum of pollutant ratios,,,,,0.84164,,,,,2026-08-11
Other Health Risks,Galena Park A1667 [53] [72] POC 6,48-201-0057,Harris,health_effect_total,Lungs & breathing,Respiratory,2025,2025-01-01,2025-12-31,0.0079,sum of pollutant ratios,,,,,0.76119,,,,,2026-08-11
Other Health Risks,Galena Park A1667 [53] [72] POC 6,48-201-0057,Harris,health_effect_total,Lungs & breathing,Respiratory,2026 YTD,2026-01-01,2026-08-11,0.0108,sum of pollutant ratios,,,,,0.75897,,,,,2026-08-11
Other Health Risks,Galena Park A1667 [53] [72] POC 6,48-201-0057,Harris,health_effect_total,Lungs & breathing,Respiratory,Aug 2026,2026-08-01,2026-08-31,0.0087,sum of pollutant ratios,,,,,0.89881,,,,,2026-08-11
Other Health Risks,Galena Park A1667 [53] [72] POC 6,48-201-0057,Harris,health_effect_total,Lungs & breathing,Respiratory,Last 365 Days,2025-08-11,2026-08-11,0.0103,sum of pollutant ratios,,,,,0.73281,*,,,,2026-08-11
Other Health Risks,Galena Park A1667 [53] [72] POC 6,48-201-0057,Harris,pollutant,"1,2,3-Trimethylbenzene","Hematological, Nervous, Respiratory",2023,2023-01-01,2023-12-31,0.0042,mean ÷ screening level,0.05442,12.81596,7539.0,,0.86062,,,,,2026-08-11
Other Health Risks,Galena Park A1667 [53] [72] POC 6,48-201-0057,Harris,pollutant,"1,2,3-Trimethylbenzene","Hematological, Nervous, Respiratory",2024,2024-01-01,2024-12-31,0.0039,mean ÷ screening level,0.05052,12.81596,7410.0,,0.84358,,,,,2026-08-11
Other Health Risks,Galena Park A1667 [53] [72] POC 6,48-201-0057,Harris,pollutant,"1,2,3-Trimethylbenzene","Hematological, Nervous, Respiratory",2025,2025-01-01,2025-12-31,0.0025,mean ÷ screening level,0.03239,12.81596,7128.0,,0.8137,,,,,2026-08-11
Other Health Risks,Galena Park A1667 [53] [72] POC 6,48-201-0057,Harris,pollutant,"1,2,3-Trimethylbenzene","Hematological, Nervous, Respiratory",2026 YTD,2026-01-01,2026-08-11,0.0029,mean ÷ screening level,0.03702,12.81596,4377.0,,0.81783,,,,,2026-08-11
Other Health Risks,Galena Park A1667 [53] [72] POC 6,48-201-0057,Harris,pollutant,"1,2,3-Trimethylbenzene","Hematological, Nervous, Respiratory",Aug 2026,2026-08-01,2026-08-31,0.0026,mean of weekly means ÷ screening level,0.03331,12.81596,453.0,3.0,0.89881,,,,,2026-08-11
Other Health Risks,Galena Park A1667 [53] [72] POC 6,48-201-0057,Harris,pollutant,"1,2,3-Trimethylbenzene","Hematological, Nervous, Respiratory",Last 365 Days,2025-08-11,2026-08-11,0.003,mean ÷ screening level,0.03843,12.81596,7151.0,,0.81409,,,,,2026-08-11
Other Health Risks,Galena Park A1667 [53] [72] POC 6,48-201-0057,Harris,pollutant,"1,2,4-Trimethylbenzene","Hematological, Nervous, Developmental, Respiratory",2023,2023-01-01,2023-12-31,0.0076,mean ÷ screening level,0.0973,12.81596,7470.0,,0.85274,,,,,2026-08-11
Other Health Risks,Galena Park A1667 [53] [72] POC 6,48-201-0057,Harris,pollutant,"1,2,4-Trimethylbenzene","Hematological, Nervous, Developmental, Respiratory",2024,2024-01-01,2024-12-31,0.0066,mean ÷ screening level,0.08428,12.81596,7393.0,,0.84164,,,,,2026-08-11
Other Health Risks,Galena Park A1667 [53] [72] POC 6,48-201-0057,Harris,pollutant,"1,2,4-Trimethylbenzene","Hematological, Nervous, Developmental, Respiratory",2025,2025-01-01,2025-12-31,0.0054,mean ÷ screening level,0.06915,12.81596,6668.0,,0.76119,,,,,2026-08-11
Other Health Risks,Galena Park A1667 [53] [72] POC 6,48-201-0057,Harris,pollutant,"1,2,4-Trimethylbenzene","Hematological, Nervous, Developmental, Respiratory",2026 YTD,2026-01-01,2026-08-11,0.0079,mean ÷ screening level,0.10162,12.81596,4062.0,,0.75897,,,,,2026-08-11
Other Health Risks,Galena Park A1667 [53] [72] POC 6,48-201-0057,Harris,pollutant,"1,2,4-Trimethylbenzene","Hematological, Nervous, Developmental, Respiratory",Aug 2026,2026-08-01,2026-08-31,0.0061,mean of weekly means ÷ screening level,0.07755,12.81596,604.0,4.0,0.89881,,,,,2026-08-11
Other Health Risks,Galena Park A1667 [53] [72] POC 6,48-201-0057,Harris,pollutant,"1,2,4-Trimethylbenzene","Hematological, Nervous, Developmental, Respiratory",Last 365 Days,2025-08-11,2026-08-11,0.0073,mean ÷ screening level,0.09374,12.81596,6437.0,,0.73281,*,,,,2026-08-11
Other Health Risks,Galena Park A1667 [53] [72] POC 6,48-201-0057,Harris,pollutant,"1,3,5-Trimethylbenzene","Developmental, Nervous",2023,2023-01-01,2023-12-31,0.0023,mean ÷ screening level,0.02975,12.81596,7539.0,,0.86062,,,,,2026-08-11
Other Health Risks,Galena Park A1667 [53] [72] POC 6,48-201-0057,Harris,pollutant,"1,3,5-Trimethylbenzene","Developmental, Nervous",2024,2024-01-01,2024-12-31,0.0024,mean ÷ screening level,0.0304,12.81596,7410.0,,0.84358,,,,,2026-08-11
Other Health Risks,Galena Park A1667 [53] [72] POC 6,48-201-0057,Harris,pollutant,"1,3,5-Trimethylbenzene","Developmental, Nervous",2025,2025-01-01,2025-12-31,0.0017,mean ÷ screening level,0.02118,12.81596,7128.0,,0.8137,,,,,2026-08-11
Other Health Risks,Galena Park A1667 [53] [72] POC 6,48-201-0057,Harris,pollutant,"1,3,5-Trimethylbenzene","Developmental, Nervous",2026 YTD,2026-01-01,2026-08-11,0.0021,mean ÷ screening level,0.02743,12.81596,4377.0,,0.81783,,,,,2026-08-11
Other Health Risks,Galena Park A1667 [53] [72] POC 6,48-201-0057,Harris,pollutant,"1,3,5-Trimethylbenzene","Developmental, Nervous",Aug 2026,2026-08-01,2026-08-31,0.0014,mean of weekly means ÷ screening level,0.01801,12.81596,302.0,2.0,0.89881,,,,,2026-08-11
Other Health Risks,Galena Park A1667 [53] [72] POC 6,48-201-0057,Harris,pollutant,"1,3,5-Trimethylbenzene","Developmental, Nervous",Last 365 Days,2025-08-11,2026-08-11,0.002,mean ÷ screening level,0.02586,12.81596,7151.0,,0.81409,,,,,2026-08-11
Other Health Risks,Galena Park A1667 [53] [72] POC 6,48-201-0057,Harris,pollutant,"1,3-Butadiene",Reproductive,2023,2023-01-01,2023-12-31,0.2615,mean ÷ screening level,0.24821,0.94925,7539.0,,0.86062,,,,,2026-08-11
Other Health Risks,Galena Park A1667 [53] [72] POC 6,48-201-0057,Harris,pollutant,"1,3-Butadiene",Reproductive,2024,2024-01-01,2024-12-31,0.2736,mean ÷ screening level,0.25972,0.94925,7410.0,,0.84358,,,,,2026-08-11
Other Health Risks,Galena Park A1667 [53] [72] POC 6,48-201-0057,Harris,pollutant,"1,3-Butadiene",Reproductive,2025,2025-01-01,2025-12-31,0.3231,mean ÷ screening level,0.30671,0.94925,7177.0,,0.81929,,,,,2026-08-11
Other Health Risks,Galena Park A1667 [53] [72] POC 6,48-201-0057,Harris,pollutant,"1,3-Butadiene",Reproductive,2026 YTD,2026-01-01,2026-08-11,0.2559,mean ÷ screening level,0.24289,0.94925,4451.0,,0.83165,,,,,2026-08-11
Other Health Risks,Galena Park A1667 [53] [72] POC 6,48-201-0057,Harris,pollutant,"1,3-Butadiene",Reproductive,Aug 2026,2026-08-01,2026-08-31,0.1654,mean of weekly means ÷ screening level,0.15702,0.94925,151.0,1.0,0.89881,,,,,2026-08-11
Other Health Risks,Galena Park A1667 [53] [72] POC 6,48-201-0057,Harris,pollutant,"1,3-Butadiene",Reproductive,Last 365 Days,2025-08-11,2026-08-11,0.2981,mean ÷ screening level,0.28293,0.94925,7274.0,,0.8281,,,,,2026-08-11
Other Health Risks,Galena Park A1667 [53] [72] POC 6,48-201-0057,Harris,pollutant,Benzene,Immune,2023,2023-01-01,2023-12-31,0.0663,mean ÷ screening level,0.64316,9.70362,7509.0,,0.85719,,,,,2026-08-11
Other Health Risks,Galena Park A1667 [53] [72] POC 6,48-201-0057,Harris,pollutant,Benzene,Immune,2024,2024-01-01,2024-12-31,0.09,mean ÷ screening level,0.87316,9.70362,7410.0,,0.84358,,,,,2026-08-11
Other Health Risks,Galena Park A1667 [53] [72] POC 6,48-201-0057,Harris,pollutant,Benzene,Immune,2025,2025-01-01,2025-12-31,0.1149,mean ÷ screening level,1.11507,9.70362,7166.0,,0.81804,,,,,2026-08-11
Other Health Risks,Galena Park A1667 [53] [72] POC 6,48-201-0057,Harris,pollutant,Benzene,Immune,2026 YTD,2026-01-01,2026-08-11,0.1089,mean ÷ screening level,1.05679,9.70362,4451.0,,0.83165,,,,,2026-08-11
Other Health Risks,Galena Park A1667 [53] [72] POC 6,48-201-0057,Harris,pollutant,Benzene,Immune,Aug 2026,2026-08-01,2026-08-31,0.0631,mean of weekly means ÷ screening level,0.61212,9.70362,151.0,1.0,0.89881,,,,,2026-08-11
Other Health Risks,Galena Park A1667 [53] [72] POC 6,48-201-0057,Harris,pollutant,Benzene,Immune,Last 365 Days,2025-08-11,2026-08-11,0.1186,mean ÷ screening level,1.15061,9.70362,7263.0,,0.82684,,,,,2026-08-11
Other Health Risks,Galena Park A1667 [53] [72] POC 6,48-201-0057,Harris,pollutant,Cyclohexane,Developmental,2023,2023-01-01,2023-12-31,0.0002,mean ÷ screening level,0.27942,1830.26,7539.0,,0.86062,,,,,2026-08-11
Other Health Risks,Galena Park A1667 [53] [72] POC 6,48-201-0057,Harris,pollutant,Cyclohexane,Developmental,2024,2024-01-01,2024-12-31,0.0002,mean ÷ screening level,0.32555,1830.26,7410.0,,0.84358,,,,,2026-08-11
Other Health Risks,Galena Park A1667 [53] [72] POC 6,48-201-0057,Harris,pollutant,Cyclohexane,Developmental,2025,2025-01-01,2025-12-31,0.0002,mean ÷ screening level,0.33147,1830.26,7177.0,,0.81929,,,,,2026-08-11
Other Health Risks,Galena Park A1667 [53] [72] POC 6,48-201-0057,Harris,pollutant,Cyclohexane,Developmental,2026 YTD,2026-01-01,2026-08-11,0.0002,mean ÷ screening level,0.32766,1830.26,4451.0,,0.83165,,,,,2026-08-11
Other Health Risks,Galena Park A1667 [53] [72] POC 6,48-201-0057,Harris,pollutant,Cyclohexane,Developmental,Aug 2026,2026-08-01,2026-08-31,0.0002,mean of weekly means ÷ screening level,0.37278,1830.26,151.0,1.0,0.89881,,,,,2026-08-11
Other Health Risks,Galena Park A1667 [53] [72] POC 6,48-201-0057,Harris,pollutant,Cyclohexane,Developmental,Last 365 Days,2025-08-11,2026-08-11,0.0002,mean ÷ screening level,0.35531,1830.26,7274.0,,0.8281,,,,,2026-08-11
Other Health Risks,Galena Park A1667 [53] [72] POC 6,48-201-0057,Harris,pollutant,Ethyl Benzene,"Developmental, Hepatic, Urinary",2023,2023-01-01,2023-12-31,0.0006,mean ÷ screening level,0.14736,230.29755,7539.0,,0.86062,,,,,2026-08-11
Other Health Risks,Galena Park A1667 [53] [72] POC 6,48-201-0057,Harris,pollutant,Ethyl Benzene,"Developmental, Hepatic, Urinary",2024,2024-01-01,2024-12-31,0.0007,mean ÷ screening level,0.15792,230.29755,7410.0,,0.84358,,,,,2026-08-11
Other Health Risks,Galena Park A1667 [53] [72] POC 6,48-201-0057,Harris,pollutant,Ethyl Benzene,"Developmental, Hepatic, Urinary",2025,2025-01-01,2025-12-31,0.0008,mean ÷ screening level,0.18601,230.29755,7177.0,,0.81929,,,,,2026-08-11
Other Health Risks,Galena Park A1667 [53] [72] POC 6,48-201-0057,Harris,pollutant,Ethyl Benzene,"Developmental, Hepatic, Urinary",2026 YTD,2026-01-01,2026-08-11,0.0006,mean ÷ screening level,0.14308,230.29755,4451.0,,0.83165,,,,,2026-08-11
Other Health Risks,Galena Park A1667 [53] [72] POC 6,48-201-0057,Harris,pollutant,Ethyl Benzene,"Developmental, Hepatic, Urinary",Aug 2026,2026-08-01,2026-08-31,0.0005,mean of weekly means ÷ screening level,0.11377,230.29755,453.0,3.0,0.89881,,,,,2026-08-11
Other Health Risks,Galena Park A1667 [53] [72] POC 6,48-201-0057,Harris,pollutant,Ethyl Benzene,"Developmental, Hepatic, Urinary",Last 365 Days,2025-08-11,2026-08-11,0.0008,mean ÷ screening level,0.1862,230.29755,7274.0,,0.8281,,,,,2026-08-11
Other Health Risks,Galena Park A1667 [53] [72] POC 6,48-201-0057,Harris,pollutant,Isopropyl Benzene - Cumene,"Endocrine, Urinary",2023,2023-01-01,2023-12-31,0.0006,mean ÷ screening level,0.04922,85.43972,7539.0,,0.86062,,,,,2026-08-11
Other Health Risks,Galena Park A1667 [53] [72] POC 6,48-201-0057,Harris,pollutant,Isopropyl Benzene - Cumene,"Endocrine, Urinary",2024,2024-01-01,2024-12-31,0.0003,mean ÷ screening level,0.02541,85.43972,7410.0,,0.84358,,,,,2026-08-11
Other Health Risks,Galena Park A1667 [53] [72] POC 6,48-201-0057,Harris,pollutant,Isopropyl Benzene - Cumene,"Endocrine, Urinary",2025,2025-01-01,2025-12-31,0.0002,mean ÷ screening level,0.01819,85.43972,7177.0,,0.81929,,,,,2026-08-11
Other Health Risks,Galena Park A1667 [53] [72] POC 6,48-201-0057,Harris,pollutant,Isopropyl Benzene - Cumene,"Endocrine, Urinary",2026 YTD,2026-01-01,2026-08-11,0.0001,mean ÷ screening level,0.0068,85.43972,4451.0,,0.83165,,,,,2026-08-11
Other Health Risks,Galena Park A1667 [53] [72] POC 6,48-201-0057,Harris,pollutant,Isopropyl Benzene - Cumene,"Endocrine, Urinary",Aug 2026,2026-08-01,2026-08-31,0.0,mean of weekly means ÷ screening level,0.00106,85.43972,302.0,2.0,0.89881,,,,,2026-08-11
Other Health Risks,Galena Park A1667 [53] [72] POC 6,48-201-0057,Harris,pollutant,Isopropyl Benzene - Cumene,"Endocrine, Urinary",Last 365 Days,2025-08-11,2026-08-11,0.0001,mean ÷ screening level,0.01248,85.43972,7274.0,,0.8281,,,,,2026-08-11
Other Health Risks,Galena Park A1667 [53] [72] POC 6,48-201-0057,Harris,pollutant,Styrene,"Hematological, Hepatic, Nervous",2023,2023-01-01,2023-12-31,0.0002,mean ÷ screening level,0.04596,234.75756,7539.0,,0.86062,,,,,2026-08-11
Other Health Risks,Galena Park A1667 [53] [72] POC 6,48-201-0057,Harris,pollutant,Styrene,"Hematological, Hepatic, Nervous",2024,2024-01-01,2024-12-31,0.0002,mean ÷ screening level,0.03616,234.75756,7410.0,,0.84358,,,,,2026-08-11
Other Health Risks,Galena Park A1667 [53] [72] POC 6,48-201-0057,Harris,pollutant,Styrene,"Hematological, Hepatic, Nervous",2025,2025-01-01,2025-12-31,0.0001,mean ÷ screening level,0.03066,234.75756,7177.0,,0.81929,,,,,2026-08-11
Other Health Risks,Galena Park A1667 [53] [72] POC 6,48-201-0057,Harris,pollutant,Styrene,"Hematological, Hepatic, Nervous",2026 YTD,2026-01-01,2026-08-11,0.0001,mean ÷ screening level,0.03517,234.75756,4451.0,,0.83165,,,,,2026-08-11
Other Health Risks,Galena Park A1667 [53] [72] POC 6,48-201-0057,Harris,pollutant,Styrene,"Hematological, Hepatic, Nervous",Aug 2026,2026-08-01,2026-08-31,0.0001,mean of weekly means ÷ screening level,0.02417,234.75756,453.0,3.0,0.89881,,,,,2026-08-11
Other Health Risks,Galena Park A1667 [53] [72] POC 6,48-201-0057,Harris,pollutant,Styrene,"Hematological, Hepatic, Nervous",Last 365 Days,2025-08-11,2026-08-11,0.0001,mean ÷ screening level,0.03375,234.75756,7274.0,,0.8281,,,,,2026-08-11
Other Health Risks,Galena Park A1667 [53] [72] POC 6,48-201-0057,Harris,pollutant,Toluene,"Nervous, Urinary",2023,2023-01-01,2023-12-31,0.0006,mean ÷ screening level,0.82323,1379.85674,7509.0,,0.85719,,,,,2026-08-11
Other Health Risks,Galena Park A1667 [53] [72] POC 6,48-201-0057,Harris,pollutant,Toluene,"Nervous, Urinary",2024,2024-01-01,2024-12-31,0.0008,mean ÷ screening level,1.09523,1379.85674,7410.0,,0.84358,,,,,2026-08-11
Other Health Risks,Galena Park A1667 [53] [72] POC 6,48-201-0057,Harris,pollutant,Toluene,"Nervous, Urinary",2025,2025-01-01,2025-12-31,0.0009,mean ÷ screening level,1.20154,1379.85674,7166.0,,0.81804,,,,,2026-08-11
Other Health Risks,Galena Park A1667 [53] [72] POC 6,48-201-0057,Harris,pollutant,Toluene,"Nervous, Urinary",2026 YTD,2026-01-01,2026-08-11,0.0008,mean ÷ screening level,1.14225,1379.85674,4451.0,,0.83165,,,,,2026-08-11
Other Health Risks,Galena Park A1667 [53] [72] POC 6,48-201-0057,Harris,pollutant,Toluene,"Nervous, Urinary",Aug 2026,2026-08-01,2026-08-31,0.0007,mean of weekly means ÷ screening level,0.94748,1379.85674,302.0,2.0,0.89881,,,,,2026-08-11
Other Health Risks,Galena Park A1667 [53] [72] POC 6,48-201-0057,Harris,pollutant,Toluene,"Nervous, Urinary",Last 365 Days,2025-08-11,2026-08-11,0.0008,mean ÷ screening level,1.1701,1379.85674,7263.0,,0.82684,,,,,2026-08-11
Other Health Risks,Galena Park A1667 [53] [72] POC 6,48-201-0057,Harris,pollutant,n-Hexane,Nervous,2023,2023-01-01,2023-12-31,0.0038,mean ÷ screening level,0.79467,207.10722,7509.0,,0.85719,,,,,2026-08-11
Other Health Risks,Galena Park A1667 [53] [72] POC 6,48-201-0057,Harris,pollutant,n-Hexane,Nervous,2024,2024-01-01,2024-12-31,0.0051,mean ÷ screening level,1.05639,207.10722,7410.0,,0.84358,,,,,2026-08-11
Other Health Risks,Galena Park A1667 [53] [72] POC 6,48-201-0057,Harris,pollutant,n-Hexane,Nervous,2025,2025-01-01,2025-12-31,0.0054,mean ÷ screening level,1.12371,207.10722,7166.0,,0.81804,,,,,2026-08-11
Other Health Risks,Galena Park A1667 [53] [72] POC 6,48-201-0057,Harris,pollutant,n-Hexane,Nervous,2026 YTD,2026-01-01,2026-08-11,0.0052,mean ÷ screening level,1.0674,207.10722,4451.0,,0.83165,,,,,2026-08-11
Other Health Risks,Galena Park A1667 [53] [72] POC 6,48-201-0057,Harris,pollutant,n-Hexane,Nervous,Aug 2026,2026-08-01,2026-08-31,0.0059,mean of weekly means ÷ screening level,1.2298,207.10722,151.0,1.0,0.89881,,,,,2026-08-11
Other Health Risks,Galena Park A1667 [53] [72] POC 6,48-201-0057,Harris,pollutant,n-Hexane,Nervous,Last 365 Days,2025-08-11,2026-08-11,0.0056,mean ÷ screening level,1.15587,207.10722,7263.0,,0.82684,,,,,2026-08-11
Other Health Risks,Galena Park A1667 [53] [72] POC 6,48-201-0057,Harris,pollutant,o-Xylene,Nervous,2023,2023-01-01,2023-12-31,0.0047,mean ÷ screening level,0.10786,23.03,7539.0,,0.86062,,,,,2026-08-11
Other Health Risks,Galena Park A1667 [53] [72] POC 6,48-201-0057,Harris,pollutant,o-Xylene,Nervous,2024,2024-01-01,2024-12-31,0.0052,mean ÷ screening level,0.11986,23.03,7410.0,,0.84358,,,,,2026-08-11
Other Health Risks,Galena Park A1667 [53] [72] POC 6,48-201-0057,Harris,pollutant,o-Xylene,Nervous,2025,2025-01-01,2025-12-31,0.0043,mean ÷ screening level,0.09839,23.03,7177.0,,0.81929,,,,,2026-08-11
Other Health Risks,Galena Park A1667 [53] [72] POC 6,48-201-0057,Harris,pollutant,o-Xylene,Nervous,2026 YTD,2026-01-01,2026-08-11,0.0042,mean ÷ screening level,0.09592,23.03,4451.0,,0.83165,,,,,2026-08-11
Other Health Risks,Galena Park A1667 [53] [72] POC 6,48-201-0057,Harris,pollutant,o-Xylene,Nervous,Aug 2026,2026-08-01,2026-08-31,0.0033,mean of weekly means ÷ screening level,0.07689,23.03,151.0,1.0,0.89881,,,,,2026-08-11
Other Health Risks,Galena Park A1667 [53] [72] POC 6,48-201-0057,Harris,pollutant,o-Xylene,Nervous,Last 365 Days,2025-08-11,2026-08-11,0.0043,mean ÷ screening level,0.09865,23.03,7274.0,,0.8281,,,,,2026-08-11
Other Health Risks,Galena Park A1667 [53] [72] POC 6,48-201-0057,Harris,pollutant,p-Xylene + m-Xylene,Nervous,2023,2023-01-01,2023-12-31,0.013,mean ÷ screening level,0.30014,23.03127,7539.0,,0.86062,,,,,2026-08-11
Other Health Risks,Galena Park A1667 [53] [72] POC 6,48-201-0057,Harris,pollutant,p-Xylene + m-Xylene,Nervous,2024,2024-01-01,2024-12-31,0.0159,mean ÷ screening level,0.36532,23.03127,7410.0,,0.84358,,,,,2026-08-11
Other Health Risks,Galena Park A1667 [53] [72] POC 6,48-201-0057,Harris,pollutant,p-Xylene + m-Xylene,Nervous,2025,2025-01-01,2025-12-31,0.0146,mean ÷ screening level,0.33719,23.03127,7144.0,,0.81553,,,,,2026-08-11
Other Health Risks,Galena Park A1667 [53] [72] POC 6,48-201-0057,Harris,pollutant,p-Xylene + m-Xylene,Nervous,2026 YTD,2026-01-01,2026-08-11,0.0146,mean ÷ screening level,0.3362,23.03127,4441.0,,0.82978,,,,,2026-08-11
Other Health Risks,Galena Park A1667 [53] [72] POC 6,48-201-0057,Harris,pollutant,p-Xylene + m-Xylene,Nervous,Aug 2026,2026-08-01,2026-08-31,0.0124,mean of weekly means ÷ screening level,0.28556,23.03127,151.0,1.0,0.89881,,,,,2026-08-11
Other Health Risks,Galena Park A1667 [53] [72] POC 6,48-201-0057,Harris,pollutant,p-Xylene + m-Xylene,Nervous,Last 365 Days,2025-08-11,2026-08-11,0.015,mean ÷ screening level,0.34521,23.03127,7248.0,,0.82514,,,,,2026-08-11
Other Health Risks,Galena Park A1667 [53] [72] POC 6,48-201-0057,Harris,total,Total,,2023,2023-01-01,2023-12-31,0.3656,sum of pollutant ratios,,,,,0.85274,,,,,2026-08-11
Other Health Risks,Galena Park A1667 [53] [72] POC 6,48-201-0057,Harris,total,Total,,2024,2024-01-01,2024-12-31,0.4047,sum of pollutant ratios,,,,,0.84164,,,,,2026-08-11
Other Health Risks,Galena Park A1667 [53] [72] POC 6,48-201-0057,Harris,total,Total,,2025,2025-01-01,2025-12-31,0.4741,sum of pollutant ratios,,,,,0.76119,,,,,2026-08-11
Other Health Risks,Galena Park A1667 [53] [72] POC 6,48-201-0057,Harris,total,Total,,2026 YTD,2026-01-01,2026-08-11,0.4035,sum of pollutant ratios,,,,,0.75897,,,,,2026-08-11
Other Health Risks,Galena Park A1667 [53] [72] POC 6,48-201-0057,Harris,total,Total,,Aug 2026,2026-08-01,2026-08-31,0.2617,sum of pollutant ratios,,,,,0.89881,,,,,2026-08-11
Other Health Risks,Galena Park A1667 [53] [72] POC 6,48-201-0057,Harris,total,Total,,Last 365 Days,2025-08-11,2026-08-11,0.456,sum of pollutant ratios,,,,,0.73281,*,,,,2026-08-11
Other Health Risks,Houston Milby Park A169 [K] POC 2,48-201-0069,Harris,health_effect_total,Ability to have children,Reproductive,2023,2023-01-01,2023-12-31,1.306,sum of pollutant ratios,,,,,0.73733,*,,,,2026-08-11
Other Health Risks,Houston Milby Park A169 [K] POC 2,48-201-0069,Harris,health_effect_total,Ability to have children,Reproductive,2024,2024-01-01,2024-12-31,1.7698,sum of pollutant ratios,,,,,0.73725,*,,,,2026-08-11
Other Health Risks,Houston Milby Park A169 [K] POC 2,48-201-0069,Harris,health_effect_total,Ability to have children,Reproductive,2025,2025-01-01,2025-12-31,1.0289,sum of pollutant ratios,,,,,0.72728,*,,,,2026-08-11
Other Health Risks,Houston Milby Park A169 [K] POC 2,48-201-0069,Harris,health_effect_total,Ability to have children,Reproductive,2026 YTD,2026-01-01,2026-08-11,0.9065,sum of pollutant ratios,,,,,0.84772,,,,,2026-08-11
Other Health Risks,Houston Milby Park A169 [K] POC 2,48-201-0069,Harris,health_effect_total,Ability to have children,Reproductive,Aug 2026,2026-08-01,2026-08-31,0.5963,sum of pollutant ratios,,,,,0.89881,,,,,2026-08-11
Other Health Risks,Houston Milby Park A169 [K] POC 2,48-201-0069,Harris,health_effect_total,Ability to have children,Reproductive,Last 365 Days,2025-08-11,2026-08-11,0.9887,sum of pollutant ratios,,,,,0.73008,*,,,,2026-08-11
Other Health Risks,Houston Milby Park A169 [K] POC 2,48-201-0069,Harris,health_effect_total,Blood,Hematological,2023,2023-01-01,2023-12-31,0.01,sum of pollutant ratios,,,,,0.73733,*,,,,2026-08-11
Other Health Risks,Houston Milby Park A169 [K] POC 2,48-201-0069,Harris,health_effect_total,Blood,Hematological,2024,2024-01-01,2024-12-31,0.0111,sum of pollutant ratios,,,,,0.73714,*,,,,2026-08-11
Other Health Risks,Houston Milby Park A169 [K] POC 2,48-201-0069,Harris,health_effect_total,Blood,Hematological,2025,2025-01-01,2025-12-31,0.0105,sum of pollutant ratios,,,,,0.72306,*,,,,2026-08-11
Other Health Risks,Houston Milby Park A169 [K] POC 2,48-201-0069,Harris,health_effect_total,Blood,Hematological,2026 YTD,2026-01-01,2026-08-11,0.0123,sum of pollutant ratios,,,,,0.83146,,,,,2026-08-11
Other Health Risks,Houston Milby Park A169 [K] POC 2,48-201-0069,Harris,health_effect_total,Blood,Hematological,Aug 2026,2026-08-01,2026-08-31,0.0124,sum of pollutant ratios,,,,,0.89881,,,,,2026-08-11
Other Health Risks,Houston Milby Park A169 [K] POC 2,48-201-0069,Harris,health_effect_total,Blood,Hematological,Last 365 Days,2025-08-11,2026-08-11,0.0129,sum of pollutant ratios,,,,,0.71596,*,,,,2026-08-11
Other Health Risks,Houston Milby Park A169 [K] POC 2,48-201-0069,Harris,health_effect_total,Brain and nervous system,Nervous,2023,2023-01-01,2023-12-31,0.0224,sum of pollutant ratios,,,,,0.73733,*,,,,2026-08-11
Other Health Risks,Houston Milby Park A169 [K] POC 2,48-201-0069,Harris,health_effect_total,Brain and nervous system,Nervous,2024,2024-01-01,2024-12-31,0.0252,sum of pollutant ratios,,,,,0.73714,*,,,,2026-08-11
Other Health Risks,Houston Milby Park A169 [K] POC 2,48-201-0069,Harris,health_effect_total,Brain and nervous system,Nervous,2025,2025-01-01,2025-12-31,0.0243,sum of pollutant ratios,,,,,0.72306,*,,,,2026-08-11
Other Health Risks,Houston Milby Park A169 [K] POC 2,48-201-0069,Harris,health_effect_total,Brain and nervous system,Nervous,2026 YTD,2026-01-01,2026-08-11,0.0244,sum of pollutant ratios,,,,,0.83146,,,,,2026-08-11
Other Health Risks,Houston Milby Park A169 [K] POC 2,48-201-0069,Harris,health_effect_total,Brain and nervous system,Nervous,Aug 2026,2026-08-01,2026-08-31,0.0204,sum of pollutant ratios,,,,,0.89881,,,,,2026-08-11
Other Health Risks,Houston Milby Park A169 [K] POC 2,48-201-0069,Harris,health_effect_total,Brain and nervous system,Nervous,Last 365 Days,2025-08-11,2026-08-11,0.0279,sum of pollutant ratios,,,,,0.71596,*,,,,2026-08-11
Other Health Risks,Houston Milby Park A169 [K] POC 2,48-201-0069,Harris,health_effect_total,Growth and development (children's),Developmental,2023,2023-01-01,2023-12-31,0.0051,sum of pollutant ratios,,,,,0.73733,*,,,,2026-08-11
Other Health Risks,Houston Milby Park A169 [K] POC 2,48-201-0069,Harris,health_effect_total,Growth and development (children's),Developmental,2024,2024-01-01,2024-12-31,0.0069,sum of pollutant ratios,,,,,0.73714,*,,,,2026-08-11
Other Health Risks,Houston Milby Park A169 [K] POC 2,48-201-0069,Harris,health_effect_total,Growth and development (children's),Developmental,2025,2025-01-01,2025-12-31,0.0069,sum of pollutant ratios,,,,,0.72306,*,,,,2026-08-11
Other Health Risks,Houston Milby Park A169 [K] POC 2,48-201-0069,Harris,health_effect_total,Growth and development (children's),Developmental,2026 YTD,2026-01-01,2026-08-11,0.009,sum of pollutant ratios,,,,,0.83146,,,,,2026-08-11
Other Health Risks,Houston Milby Park A169 [K] POC 2,48-201-0069,Harris,health_effect_total,Growth and development (children's),Developmental,Aug 2026,2026-08-01,2026-08-31,0.0076,sum of pollutant ratios,,,,,0.89881,,,,,2026-08-11
Other Health Risks,Houston Milby Park A169 [K] POC 2,48-201-0069,Harris,health_effect_total,Growth and development (children's),Developmental,Last 365 Days,2025-08-11,2026-08-11,0.0092,sum of pollutant ratios,,,,,0.71596,*,,,,2026-08-11
Other Health Risks,Houston Milby Park A169 [K] POC 2,48-201-0069,Harris,health_effect_total,Hormone system,Endocrine,2023,2023-01-01,2023-12-31,0.0001,sum of pollutant ratios,,,,,0.73733,*,,,,2026-08-11
Other Health Risks,Houston Milby Park A169 [K] POC 2,48-201-0069,Harris,health_effect_total,Hormone system,Endocrine,2024,2024-01-01,2024-12-31,0.0001,sum of pollutant ratios,,,,,0.73725,*,,,,2026-08-11
Other Health Risks,Houston Milby Park A169 [K] POC 2,48-201-0069,Harris,health_effect_total,Hormone system,Endocrine,2025,2025-01-01,2025-12-31,0.0001,sum of pollutant ratios,,,,,0.72728,*,,,,2026-08-11
Other Health Risks,Houston Milby Park A169 [K] POC 2,48-201-0069,Harris,health_effect_total,Hormone system,Endocrine,2026 YTD,2026-01-01,2026-08-11,0.0,sum of pollutant ratios,,,,,0.84772,,,,,2026-08-11
Other Health Risks,Houston Milby Park A169 [K] POC 2,48-201-0069,Harris,health_effect_total,Hormone system,Endocrine,Aug 2026,2026-08-01,2026-08-31,0.0,sum of pollutant ratios,,,,,0.89881,,,,,2026-08-11
Other Health Risks,Houston Milby Park A169 [K] POC 2,48-201-0069,Harris,health_effect_total,Hormone system,Endocrine,Last 365 Days,2025-08-11,2026-08-11,0.0001,sum of pollutant ratios,,,,,0.73008,*,,,,2026-08-11
Other Health Risks,Houston Milby Park A169 [K] POC 2,48-201-0069,Harris,health_effect_total,Immune system,Immune,2023,2023-01-01,2023-12-31,0.0232,sum of pollutant ratios,,,,,0.73733,*,,,,2026-08-11
Other Health Risks,Houston Milby Park A169 [K] POC 2,48-201-0069,Harris,health_effect_total,Immune system,Immune,2024,2024-01-01,2024-12-31,0.0295,sum of pollutant ratios,,,,,0.73725,*,,,,2026-08-11
Other Health Risks,Houston Milby Park A169 [K] POC 2,48-201-0069,Harris,health_effect_total,Immune system,Immune,2025,2025-01-01,2025-12-31,0.0256,sum of pollutant ratios,,,,,0.72728,*,,,,2026-08-11
Other Health Risks,Houston Milby Park A169 [K] POC 2,48-201-0069,Harris,health_effect_total,Immune system,Immune,2026 YTD,2026-01-01,2026-08-11,0.0186,sum of pollutant ratios,,,,,0.84772,,,,,2026-08-11
Other Health Risks,Houston Milby Park A169 [K] POC 2,48-201-0069,Harris,health_effect_total,Immune system,Immune,Aug 2026,2026-08-01,2026-08-31,0.0101,sum of pollutant ratios,,,,,0.89881,,,,,2026-08-11
Other Health Risks,Houston Milby Park A169 [K] POC 2,48-201-0069,Harris,health_effect_total,Immune system,Immune,Last 365 Days,2025-08-11,2026-08-11,0.0253,sum of pollutant ratios,,,,,0.73008,*,,,,2026-08-11
Other Health Risks,Houston Milby Park A169 [K] POC 2,48-201-0069,Harris,health_effect_total,Kidneys and urinary system,Urinary,2023,2023-01-01,2023-12-31,0.0008,sum of pollutant ratios,,,,,0.73733,*,,,,2026-08-11
Other Health Risks,Houston Milby Park A169 [K] POC 2,48-201-0069,Harris,health_effect_total,Kidneys and urinary system,Urinary,2024,2024-01-01,2024-12-31,0.0008,sum of pollutant ratios,,,,,0.73725,*,,,,2026-08-11
Other Health Risks,Houston Milby Park A169 [K] POC 2,48-201-0069,Harris,health_effect_total,Kidneys and urinary system,Urinary,2025,2025-01-01,2025-12-31,0.0008,sum of pollutant ratios,,,,,0.72728,*,,,,2026-08-11
Other Health Risks,Houston Milby Park A169 [K] POC 2,48-201-0069,Harris,health_effect_total,Kidneys and urinary system,Urinary,2026 YTD,2026-01-01,2026-08-11,0.0007,sum of pollutant ratios,,,,,0.84772,,,,,2026-08-11
Other Health Risks,Houston Milby Park A169 [K] POC 2,48-201-0069,Harris,health_effect_total,Kidneys and urinary system,Urinary,Aug 2026,2026-08-01,2026-08-31,0.0004,sum of pollutant ratios,,,,,0.89881,,,,,2026-08-11
Other Health Risks,Houston Milby Park A169 [K] POC 2,48-201-0069,Harris,health_effect_total,Kidneys and urinary system,Urinary,Last 365 Days,2025-08-11,2026-08-11,0.0009,sum of pollutant ratios,,,,,0.73008,*,,,,2026-08-11
Other Health Risks,Houston Milby Park A169 [K] POC 2,48-201-0069,Harris,health_effect_total,Liver,Hepatic,2023,2023-01-01,2023-12-31,0.0018,sum of pollutant ratios,,,,,0.73733,*,,,,2026-08-11
Other Health Risks,Houston Milby Park A169 [K] POC 2,48-201-0069,Harris,health_effect_total,Liver,Hepatic,2024,2024-01-01,2024-12-31,0.0018,sum of pollutant ratios,,,,,0.73725,*,,,,2026-08-11
Other Health Risks,Houston Milby Park A169 [K] POC 2,48-201-0069,Harris,health_effect_total,Liver,Hepatic,2025,2025-01-01,2025-12-31,0.0022,sum of pollutant ratios,,,,,0.72728,*,,,,2026-08-11
Other Health Risks,Houston Milby Park A169 [K] POC 2,48-201-0069,Harris,health_effect_total,Liver,Hepatic,2026 YTD,2026-01-01,2026-08-11,0.0019,sum of pollutant ratios,,,,,0.84772,,,,,2026-08-11
Other Health Risks,Houston Milby Park A169 [K] POC 2,48-201-0069,Harris,health_effect_total,Liver,Hepatic,Aug 2026,2026-08-01,2026-08-31,0.0016,sum of pollutant ratios,,,,,0.89881,,,,,2026-08-11
Other Health Risks,Houston Milby Park A169 [K] POC 2,48-201-0069,Harris,health_effect_total,Liver,Hepatic,Last 365 Days,2025-08-11,2026-08-11,0.0022,sum of pollutant ratios,,,,,0.73008,*,,,,2026-08-11
Other Health Risks,Houston Milby Park A169 [K] POC 2,48-201-0069,Harris,health_effect_total,Lungs & breathing,Respiratory,2023,2023-01-01,2023-12-31,0.0086,sum of pollutant ratios,,,,,0.73733,*,,,,2026-08-11
Other Health Risks,Houston Milby Park A169 [K] POC 2,48-201-0069,Harris,health_effect_total,Lungs & breathing,Respiratory,2024,2024-01-01,2024-12-31,0.0096,sum of pollutant ratios,,,,,0.73714,*,,,,2026-08-11
Other Health Risks,Houston Milby Park A169 [K] POC 2,48-201-0069,Harris,health_effect_total,Lungs & breathing,Respiratory,2025,2025-01-01,2025-12-31,0.0087,sum of pollutant ratios,,,,,0.72306,*,,,,2026-08-11
Other Health Risks,Houston Milby Park A169 [K] POC 2,48-201-0069,Harris,health_effect_total,Lungs & breathing,Respiratory,2026 YTD,2026-01-01,2026-08-11,0.0109,sum of pollutant ratios,,,,,0.83146,,,,,2026-08-11
Other Health Risks,Houston Milby Park A169 [K] POC 2,48-201-0069,Harris,health_effect_total,Lungs & breathing,Respiratory,Aug 2026,2026-08-01,2026-08-31,0.011,sum of pollutant ratios,,,,,0.89881,,,,,2026-08-11
Other Health Risks,Houston Milby Park A169 [K] POC 2,48-201-0069,Harris,health_effect_total,Lungs & breathing,Respiratory,Last 365 Days,2025-08-11,2026-08-11,0.0112,sum of pollutant ratios,,,,,0.71596,*,,,,2026-08-11
Other Health Risks,Houston Milby Park A169 [K] POC 2,48-201-0069,Harris,pollutant,"1,2,3-Trimethylbenzene","Hematological, Nervous, Respiratory",2023,2023-01-01,2023-12-31,0.005,mean ÷ screening level,0.06411,12.81596,6459.0,,0.73733,*,,,,2026-08-11
Other Health Risks,Houston Milby Park A169 [K] POC 2,48-201-0069,Harris,pollutant,"1,2,3-Trimethylbenzene","Hematological, Nervous, Respiratory",2024,2024-01-01,2024-12-31,0.004,mean ÷ screening level,0.05165,12.81596,6476.0,,0.73725,*,,,,2026-08-11
Other Health Risks,Houston Milby Park A169 [K] POC 2,48-201-0069,Harris,pollutant,"1,2,3-Trimethylbenzene","Hematological, Nervous, Respiratory",2025,2025-01-01,2025-12-31,0.0033,mean ÷ screening level,0.04231,12.81596,6371.0,,0.72728,*,,,,2026-08-11
Other Health Risks,Houston Milby Park A169 [K] POC 2,48-201-0069,Harris,pollutant,"1,2,3-Trimethylbenzene","Hematological, Nervous, Respiratory",2026 YTD,2026-01-01,2026-08-11,0.003,mean ÷ screening level,0.03857,12.81596,4453.0,,0.83203,,,,,2026-08-11
Other Health Risks,Houston Milby Park A169 [K] POC 2,48-201-0069,Harris,pollutant,"1,2,3-Trimethylbenzene","Hematological, Nervous, Respiratory",Aug 2026,2026-08-01,2026-08-31,0.0041,mean of weekly means ÷ screening level,0.05305,12.81596,453.0,3.0,0.89881,,,,,2026-08-11
Other Health Risks,Houston Milby Park A169 [K] POC 2,48-201-0069,Harris,pollutant,"1,2,3-Trimethylbenzene","Hematological, Nervous, Respiratory",Last 365 Days,2025-08-11,2026-08-11,0.0036,mean ÷ screening level,0.04644,12.81596,6329.0,,0.72051,*,,,,2026-08-11
Other Health Risks,Houston Milby Park A169 [K] POC 2,48-201-0069,Harris,pollutant,"1,2,4-Trimethylbenzene","Hematological, Nervous, Developmental, Respiratory",2023,2023-01-01,2023-12-31,0.0036,mean ÷ screening level,0.04579,12.81596,6459.0,,0.73733,*,,,,2026-08-11
Other Health Risks,Houston Milby Park A169 [K] POC 2,48-201-0069,Harris,pollutant,"1,2,4-Trimethylbenzene","Hematological, Nervous, Developmental, Respiratory",2024,2024-01-01,2024-12-31,0.0056,mean ÷ screening level,0.07136,12.81596,6475.0,,0.73714,*,,,,2026-08-11
Other Health Risks,Houston Milby Park A169 [K] POC 2,48-201-0069,Harris,pollutant,"1,2,4-Trimethylbenzene","Hematological, Nervous, Developmental, Respiratory",2025,2025-01-01,2025-12-31,0.0054,mean ÷ screening level,0.0689,12.81596,6334.0,,0.72306,*,,,,2026-08-11
Other Health Risks,Houston Milby Park A169 [K] POC 2,48-201-0069,Harris,pollutant,"1,2,4-Trimethylbenzene","Hematological, Nervous, Developmental, Respiratory",2026 YTD,2026-01-01,2026-08-11,0.0079,mean ÷ screening level,0.10067,12.81596,4450.0,,0.83146,,,,,2026-08-11
Other Health Risks,Houston Milby Park A169 [K] POC 2,48-201-0069,Harris,pollutant,"1,2,4-Trimethylbenzene","Hematological, Nervous, Developmental, Respiratory",Aug 2026,2026-08-01,2026-08-31,0.0069,mean of weekly means ÷ screening level,0.08848,12.81596,604.0,4.0,0.89881,,,,,2026-08-11
Other Health Risks,Houston Milby Park A169 [K] POC 2,48-201-0069,Harris,pollutant,"1,2,4-Trimethylbenzene","Hematological, Nervous, Developmental, Respiratory",Last 365 Days,2025-08-11,2026-08-11,0.0076,mean ÷ screening level,0.09705,12.81596,6289.0,,0.71596,*,,,,2026-08-11
Other Health Risks,Houston Milby Park A169 [K] POC 2,48-201-0069,Harris,pollutant,"1,3,5-Trimethylbenzene","Developmental, Nervous",2023,2023-01-01,2023-12-31,0.0011,mean ÷ screening level,0.01412,12.81596,6459.0,,0.73733,*,,,,2026-08-11
Other Health Risks,Houston Milby Park A169 [K] POC 2,48-201-0069,Harris,pollutant,"1,3,5-Trimethylbenzene","Developmental, Nervous",2024,2024-01-01,2024-12-31,0.001,mean ÷ screening level,0.01225,12.81596,6476.0,,0.73725,*,,,,2026-08-11
Other Health Risks,Houston Milby Park A169 [K] POC 2,48-201-0069,Harris,pollutant,"1,3,5-Trimethylbenzene","Developmental, Nervous",2025,2025-01-01,2025-12-31,0.0011,mean ÷ screening level,0.01399,12.81596,6371.0,,0.72728,*,,,,2026-08-11
Other Health Risks,Houston Milby Park A169 [K] POC 2,48-201-0069,Harris,pollutant,"1,3,5-Trimethylbenzene","Developmental, Nervous",2026 YTD,2026-01-01,2026-08-11,0.0007,mean ÷ screening level,0.00875,12.81596,4453.0,,0.83203,,,,,2026-08-11
Other Health Risks,Houston Milby Park A169 [K] POC 2,48-201-0069,Harris,pollutant,"1,3,5-Trimethylbenzene","Developmental, Nervous",Aug 2026,2026-08-01,2026-08-31,0.0004,mean of weekly means ÷ screening level,0.0047,12.81596,302.0,2.0,0.89881,,,,,2026-08-11
Other Health Risks,Houston Milby Park A169 [K] POC 2,48-201-0069,Harris,pollutant,"1,3,5-Trimethylbenzene","Developmental, Nervous",Last 365 Days,2025-08-11,2026-08-11,0.0011,mean ÷ screening level,0.01381,12.81596,6329.0,,0.72051,*,,,,2026-08-11
Other Health Risks,Houston Milby Park A169 [K] POC 2,48-201-0069,Harris,pollutant,"1,3-Butadiene",Reproductive,2023,2023-01-01,2023-12-31,1.306,mean ÷ screening level,1.2397,0.94925,6459.0,,0.73733,*,,,,2026-08-11
Other Health Risks,Houston Milby Park A169 [K] POC 2,48-201-0069,Harris,pollutant,"1,3-Butadiene",Reproductive,2024,2024-01-01,2024-12-31,1.7698,mean ÷ screening level,1.68001,0.94925,6476.0,,0.73725,*,,,,2026-08-11
Other Health Risks,Houston Milby Park A169 [K] POC 2,48-201-0069,Harris,pollutant,"1,3-Butadiene",Reproductive,2025,2025-01-01,2025-12-31,1.0289,mean ÷ screening level,0.97669,0.94925,6371.0,,0.72728,*,,,,2026-08-11
Other Health Risks,Houston Milby Park A169 [K] POC 2,48-201-0069,Harris,pollutant,"1,3-Butadiene",Reproductive,2026 YTD,2026-01-01,2026-08-11,0.9065,mean ÷ screening level,0.86051,0.94925,4537.0,,0.84772,,,,,2026-08-11
Other Health Risks,Houston Milby Park A169 [K] POC 2,48-201-0069,Harris,pollutant,"1,3-Butadiene",Reproductive,Aug 2026,2026-08-01,2026-08-31,0.5963,mean of weekly means ÷ screening level,0.56603,0.94925,151.0,1.0,0.89881,,,,,2026-08-11
Other Health Risks,Houston Milby Park A169 [K] POC 2,48-201-0069,Harris,pollutant,"1,3-Butadiene",Reproductive,Last 365 Days,2025-08-11,2026-08-11,0.9887,mean ÷ screening level,0.93849,0.94925,6413.0,,0.73008,*,,,,2026-08-11
Other Health Risks,Houston Milby Park A169 [K] POC 2,48-201-0069,Harris,pollutant,Benzene,Immune,2023,2023-01-01,2023-12-31,0.0232,mean ÷ screening level,0.22521,9.70362,6459.0,,0.73733,*,,,,2026-08-11
Other Health Risks,Houston Milby Park A169 [K] POC 2,48-201-0069,Harris,pollutant,Benzene,Immune,2024,2024-01-01,2024-12-31,0.0295,mean ÷ screening level,0.28658,9.70362,6476.0,,0.73725,*,,,,2026-08-11
Other Health Risks,Houston Milby Park A169 [K] POC 2,48-201-0069,Harris,pollutant,Benzene,Immune,2025,2025-01-01,2025-12-31,0.0256,mean ÷ screening level,0.24844,9.70362,6371.0,,0.72728,*,,,,2026-08-11
Other Health Risks,Houston Milby Park A169 [K] POC 2,48-201-0069,Harris,pollutant,Benzene,Immune,2026 YTD,2026-01-01,2026-08-11,0.0186,mean ÷ screening level,0.18089,9.70362,4537.0,,0.84772,,,,,2026-08-11
Other Health Risks,Houston Milby Park A169 [K] POC 2,48-201-0069,Harris,pollutant,Benzene,Immune,Aug 2026,2026-08-01,2026-08-31,0.0101,mean of weekly means ÷ screening level,0.09815,9.70362,151.0,1.0,0.89881,,,,,2026-08-11
Other Health Risks,Houston Milby Park A169 [K] POC 2,48-201-0069,Harris,pollutant,Benzene,Immune,Last 365 Days,2025-08-11,2026-08-11,0.0253,mean ÷ screening level,0.24537,9.70362,6413.0,,0.73008,*,,,,2026-08-11
Other Health Risks,Houston Milby Park A169 [K] POC 2,48-201-0069,Harris,pollutant,Cyclohexane,Developmental,2023,2023-01-01,2023-12-31,0.0001,mean ÷ screening level,0.14231,1830.26,6459.0,,0.73733,*,,,,2026-08-11
Other Health Risks,Houston Milby Park A169 [K] POC 2,48-201-0069,Harris,pollutant,Cyclohexane,Developmental,2024,2024-01-01,2024-12-31,0.0001,mean ÷ screening level,0.16378,1830.26,6476.0,,0.73725,*,,,,2026-08-11
Other Health Risks,Houston Milby Park A169 [K] POC 2,48-201-0069,Harris,pollutant,Cyclohexane,Developmental,2025,2025-01-01,2025-12-31,0.0001,mean ÷ screening level,0.1735,1830.26,6371.0,,0.72728,*,,,,2026-08-11
Other Health Risks,Houston Milby Park A169 [K] POC 2,48-201-0069,Harris,pollutant,Cyclohexane,Developmental,2026 YTD,2026-01-01,2026-08-11,0.0001,mean ÷ screening level,0.11198,1830.26,4537.0,,0.84772,,,,,2026-08-11
Other Health Risks,Houston Milby Park A169 [K] POC 2,48-201-0069,Harris,pollutant,Cyclohexane,Developmental,Aug 2026,2026-08-01,2026-08-31,0.0,mean of weekly means ÷ screening level,0.05894,1830.26,151.0,1.0,0.89881,,,,,2026-08-11
Other Health Risks,Houston Milby Park A169 [K] POC 2,48-201-0069,Harris,pollutant,Cyclohexane,Developmental,Last 365 Days,2025-08-11,2026-08-11,0.0001,mean ÷ screening level,0.17213,1830.26,6413.0,,0.73008,*,,,,2026-08-11
Other Health Risks,Houston Milby Park A169 [K] POC 2,48-201-0069,Harris,pollutant,Ethyl Benzene,"Developmental, Hepatic, Urinary",2023,2023-01-01,2023-12-31,0.0004,mean ÷ screening level,0.08569,230.29755,6459.0,,0.73733,*,,,,2026-08-11
Other Health Risks,Houston Milby Park A169 [K] POC 2,48-201-0069,Harris,pollutant,Ethyl Benzene,"Developmental, Hepatic, Urinary",2024,2024-01-01,2024-12-31,0.0003,mean ÷ screening level,0.07555,230.29755,6476.0,,0.73725,*,,,,2026-08-11
Other Health Risks,Houston Milby Park A169 [K] POC 2,48-201-0069,Harris,pollutant,Ethyl Benzene,"Developmental, Hepatic, Urinary",2025,2025-01-01,2025-12-31,0.0004,mean ÷ screening level,0.08866,230.29755,6371.0,,0.72728,*,,,,2026-08-11
Other Health Risks,Houston Milby Park A169 [K] POC 2,48-201-0069,Harris,pollutant,Ethyl Benzene,"Developmental, Hepatic, Urinary",2026 YTD,2026-01-01,2026-08-11,0.0004,mean ÷ screening level,0.09639,230.29755,4537.0,,0.84772,,,,,2026-08-11
Other Health Risks,Houston Milby Park A169 [K] POC 2,48-201-0069,Harris,pollutant,Ethyl Benzene,"Developmental, Hepatic, Urinary",Aug 2026,2026-08-01,2026-08-31,0.0003,mean of weekly means ÷ screening level,0.05947,230.29755,453.0,3.0,0.89881,,,,,2026-08-11
Other Health Risks,Houston Milby Park A169 [K] POC 2,48-201-0069,Harris,pollutant,Ethyl Benzene,"Developmental, Hepatic, Urinary",Last 365 Days,2025-08-11,2026-08-11,0.0005,mean ÷ screening level,0.11375,230.29755,6413.0,,0.73008,*,,,,2026-08-11
Other Health Risks,Houston Milby Park A169 [K] POC 2,48-201-0069,Harris,pollutant,Isopropyl Benzene - Cumene,"Endocrine, Urinary",2023,2023-01-01,2023-12-31,0.0001,mean ÷ screening level,0.01207,85.43972,6459.0,,0.73733,*,,,,2026-08-11
Other Health Risks,Houston Milby Park A169 [K] POC 2,48-201-0069,Harris,pollutant,Isopropyl Benzene - Cumene,"Endocrine, Urinary",2024,2024-01-01,2024-12-31,0.0001,mean ÷ screening level,0.0095,85.43972,6476.0,,0.73725,*,,,,2026-08-11
Other Health Risks,Houston Milby Park A169 [K] POC 2,48-201-0069,Harris,pollutant,Isopropyl Benzene - Cumene,"Endocrine, Urinary",2025,2025-01-01,2025-12-31,0.0001,mean ÷ screening level,0.00966,85.43972,6371.0,,0.72728,*,,,,2026-08-11
Other Health Risks,Houston Milby Park A169 [K] POC 2,48-201-0069,Harris,pollutant,Isopropyl Benzene - Cumene,"Endocrine, Urinary",2026 YTD,2026-01-01,2026-08-11,0.0,mean ÷ screening level,0.00398,85.43972,4537.0,,0.84772,,,,,2026-08-11
Other Health Risks,Houston Milby Park A169 [K] POC 2,48-201-0069,Harris,pollutant,Isopropyl Benzene - Cumene,"Endocrine, Urinary",Aug 2026,2026-08-01,2026-08-31,0.0,mean of weekly means ÷ screening level,0.00139,85.43972,302.0,2.0,0.89881,,,,,2026-08-11
Other Health Risks,Houston Milby Park A169 [K] POC 2,48-201-0069,Harris,pollutant,Isopropyl Benzene - Cumene,"Endocrine, Urinary",Last 365 Days,2025-08-11,2026-08-11,0.0001,mean ÷ screening level,0.00869,85.43972,6413.0,,0.73008,*,,,,2026-08-11
Other Health Risks,Houston Milby Park A169 [K] POC 2,48-201-0069,Harris,pollutant,Styrene,"Hematological, Hepatic, Nervous",2023,2023-01-01,2023-12-31,0.0015,mean ÷ screening level,0.34507,234.75756,6459.0,,0.73733,*,,,,2026-08-11
Other Health Risks,Houston Milby Park A169 [K] POC 2,48-201-0069,Harris,pollutant,Styrene,"Hematological, Hepatic, Nervous",2024,2024-01-01,2024-12-31,0.0015,mean ÷ screening level,0.34872,234.75756,6476.0,,0.73725,*,,,,2026-08-11
Other Health Risks,Houston Milby Park A169 [K] POC 2,48-201-0069,Harris,pollutant,Styrene,"Hematological, Hepatic, Nervous",2025,2025-01-01,2025-12-31,0.0018,mean ÷ screening level,0.42774,234.75756,6371.0,,0.72728,*,,,,2026-08-11
Other Health Risks,Houston Milby Park A169 [K] POC 2,48-201-0069,Harris,pollutant,Styrene,"Hematological, Hepatic, Nervous",2026 YTD,2026-01-01,2026-08-11,0.0014,mean ÷ screening level,0.34037,234.75756,4537.0,,0.84772,,,,,2026-08-11
Other Health Risks,Houston Milby Park A169 [K] POC 2,48-201-0069,Harris,pollutant,Styrene,"Hematological, Hepatic, Nervous",Aug 2026,2026-08-01,2026-08-31,0.0013,mean of weekly means ÷ screening level,0.31689,234.75756,453.0,3.0,0.89881,,,,,2026-08-11
Other Health Risks,Houston Milby Park A169 [K] POC 2,48-201-0069,Harris,pollutant,Styrene,"Hematological, Hepatic, Nervous",Last 365 Days,2025-08-11,2026-08-11,0.0017,mean ÷ screening level,0.39936,234.75756,6413.0,,0.73008,*,,,,2026-08-11
Other Health Risks,Houston Milby Park A169 [K] POC 2,48-201-0069,Harris,pollutant,Toluene,"Nervous, Urinary",2023,2023-01-01,2023-12-31,0.0003,mean ÷ screening level,0.39204,1379.85674,6459.0,,0.73733,*,,,,2026-08-11
Other Health Risks,Houston Milby Park A169 [K] POC 2,48-201-0069,Harris,pollutant,Toluene,"Nervous, Urinary",2024,2024-01-01,2024-12-31,0.0004,mean ÷ screening level,0.50235,1379.85674,6476.0,,0.73725,*,,,,2026-08-11
Other Health Risks,Houston Milby Park A169 [K] POC 2,48-201-0069,Harris,pollutant,Toluene,"Nervous, Urinary",2025,2025-01-01,2025-12-31,0.0003,mean ÷ screening level,0.43487,1379.85674,6371.0,,0.72728,*,,,,2026-08-11
Other Health Risks,Houston Milby Park A169 [K] POC 2,48-201-0069,Harris,pollutant,Toluene,"Nervous, Urinary",2026 YTD,2026-01-01,2026-08-11,0.0002,mean ÷ screening level,0.32286,1379.85674,4537.0,,0.84772,,,,,2026-08-11
Other Health Risks,Houston Milby Park A169 [K] POC 2,48-201-0069,Harris,pollutant,Toluene,"Nervous, Urinary",Aug 2026,2026-08-01,2026-08-31,0.0002,mean of weekly means ÷ screening level,0.22556,1379.85674,302.0,2.0,0.89881,,,,,2026-08-11
Other Health Risks,Houston Milby Park A169 [K] POC 2,48-201-0069,Harris,pollutant,Toluene,"Nervous, Urinary",Last 365 Days,2025-08-11,2026-08-11,0.0003,mean ÷ screening level,0.41572,1379.85674,6413.0,,0.73008,*,,,,2026-08-11
Other Health Risks,Houston Milby Park A169 [K] POC 2,48-201-0069,Harris,pollutant,n-Hexane,Nervous,2023,2023-01-01,2023-12-31,0.0022,mean ÷ screening level,0.46469,207.10722,6459.0,,0.73733,*,,,,2026-08-11
Other Health Risks,Houston Milby Park A169 [K] POC 2,48-201-0069,Harris,pollutant,n-Hexane,Nervous,2024,2024-01-01,2024-12-31,0.0022,mean ÷ screening level,0.45646,207.10722,6476.0,,0.73725,*,,,,2026-08-11
Other Health Risks,Houston Milby Park A169 [K] POC 2,48-201-0069,Harris,pollutant,n-Hexane,Nervous,2025,2025-01-01,2025-12-31,0.0023,mean ÷ screening level,0.47464,207.10722,6371.0,,0.72728,*,,,,2026-08-11
Other Health Risks,Houston Milby Park A169 [K] POC 2,48-201-0069,Harris,pollutant,n-Hexane,Nervous,2026 YTD,2026-01-01,2026-08-11,0.0018,mean ÷ screening level,0.37041,207.10722,4537.0,,0.84772,,,,,2026-08-11
Other Health Risks,Houston Milby Park A169 [K] POC 2,48-201-0069,Harris,pollutant,n-Hexane,Nervous,Aug 2026,2026-08-01,2026-08-31,0.0009,mean of weekly means ÷ screening level,0.18675,207.10722,151.0,1.0,0.89881,,,,,2026-08-11
Other Health Risks,Houston Milby Park A169 [K] POC 2,48-201-0069,Harris,pollutant,n-Hexane,Nervous,Last 365 Days,2025-08-11,2026-08-11,0.0025,mean ÷ screening level,0.51275,207.10722,6413.0,,0.73008,*,,,,2026-08-11
Other Health Risks,Houston Milby Park A169 [K] POC 2,48-201-0069,Harris,pollutant,o-Xylene,Nervous,2023,2023-01-01,2023-12-31,0.0021,mean ÷ screening level,0.04922,23.03,6459.0,,0.73733,*,,,,2026-08-11
Other Health Risks,Houston Milby Park A169 [K] POC 2,48-201-0069,Harris,pollutant,o-Xylene,Nervous,2024,2024-01-01,2024-12-31,0.0025,mean ÷ screening level,0.05735,23.03,6476.0,,0.73725,*,,,,2026-08-11
Other Health Risks,Houston Milby Park A169 [K] POC 2,48-201-0069,Harris,pollutant,o-Xylene,Nervous,2025,2025-01-01,2025-12-31,0.0025,mean ÷ screening level,0.05708,23.03,6371.0,,0.72728,*,,,,2026-08-11
Other Health Risks,Houston Milby Park A169 [K] POC 2,48-201-0069,Harris,pollutant,o-Xylene,Nervous,2026 YTD,2026-01-01,2026-08-11,0.0018,mean ÷ screening level,0.04185,23.03,4537.0,,0.84772,,,,,2026-08-11
Other Health Risks,Houston Milby Park A169 [K] POC 2,48-201-0069,Harris,pollutant,o-Xylene,Nervous,Aug 2026,2026-08-01,2026-08-31,0.0013,mean of weekly means ÷ screening level,0.02934,23.03,151.0,1.0,0.89881,,,,,2026-08-11
Other Health Risks,Houston Milby Park A169 [K] POC 2,48-201-0069,Harris,pollutant,o-Xylene,Nervous,Last 365 Days,2025-08-11,2026-08-11,0.0024,mean ÷ screening level,0.056,23.03,6413.0,,0.73008,*,,,,2026-08-11
Other Health Risks,Houston Milby Park A169 [K] POC 2,48-201-0069,Harris,pollutant,p-Xylene + m-Xylene,Nervous,2023,2023-01-01,2023-12-31,0.0065,mean ÷ screening level,0.1506,23.03127,6459.0,,0.73733,*,,,,2026-08-11
Other Health Risks,Houston Milby Park A169 [K] POC 2,48-201-0069,Harris,pollutant,p-Xylene + m-Xylene,Nervous,2024,2024-01-01,2024-12-31,0.0081,mean ÷ screening level,0.18616,23.03127,6476.0,,0.73725,*,,,,2026-08-11
Other Health Risks,Houston Milby Park A169 [K] POC 2,48-201-0069,Harris,pollutant,p-Xylene + m-Xylene,Nervous,2025,2025-01-01,2025-12-31,0.0076,mean ÷ screening level,0.17573,23.03127,6371.0,,0.72728,*,,,,2026-08-11
Other Health Risks,Houston Milby Park A169 [K] POC 2,48-201-0069,Harris,pollutant,p-Xylene + m-Xylene,Nervous,2026 YTD,2026-01-01,2026-08-11,0.0076,mean ÷ screening level,0.17398,23.03127,4537.0,,0.84772,,,,,2026-08-11
Other Health Risks,Houston Milby Park A169 [K] POC 2,48-201-0069,Harris,pollutant,p-Xylene + m-Xylene,Nervous,Aug 2026,2026-08-01,2026-08-31,0.0053,mean of weekly means ÷ screening level,0.12245,23.03127,151.0,1.0,0.89881,,,,,2026-08-11
Other Health Risks,Houston Milby Park A169 [K] POC 2,48-201-0069,Harris,pollutant,p-Xylene + m-Xylene,Nervous,Last 365 Days,2025-08-11,2026-08-11,0.0087,mean ÷ screening level,0.20124,23.03127,6413.0,,0.73008,*,,,,2026-08-11
Other Health Risks,Houston Milby Park A169 [K] POC 2,48-201-0069,Harris,total,Total,,2023,2023-01-01,2023-12-31,1.3521,sum of pollutant ratios,,,,,0.73733,*,,,,2026-08-11
Other Health Risks,Houston Milby Park A169 [K] POC 2,48-201-0069,Harris,total,Total,,2024,2024-01-01,2024-12-31,1.8251,sum of pollutant ratios,,,,,0.73714,*,,,,2026-08-11
Other Health Risks,Houston Milby Park A169 [K] POC 2,48-201-0069,Harris,total,Total,,2025,2025-01-01,2025-12-31,1.0794,sum of pollutant ratios,,,,,0.72306,*,,,,2026-08-11
Other Health Risks,Houston Milby Park A169 [K] POC 2,48-201-0069,Harris,total,Total,,2026 YTD,2026-01-01,2026-08-11,0.9501,sum of pollutant ratios,,,,,0.83146,,,,,2026-08-11
Other Health Risks,Houston Milby Park A169 [K] POC 2,48-201-0069,Harris,total,Total,,Aug 2026,2026-08-01,2026-08-31,0.6271,sum of pollutant ratios,,,,,0.89881,,,,,2026-08-11
Other Health Risks,Houston Milby Park A169 [K] POC 2,48-201-0069,Harris,total,Total,,Last 365 Days,2025-08-11,2026-08-11,1.0426,sum of pollutant ratios,,,,,0.71596,*,,,,2026-08-11
Other Health Risks,Lynchburg Ferry [23] POC 2,48-201-1015,Harris,health_effect_total,Ability to have children,Reproductive,2023,2023-01-01,2023-12-31,0.1505,sum of pollutant ratios,,,,,0.79384,,,,,2026-08-11
Other Health Risks,Lynchburg Ferry [23] POC 2,48-201-1015,Harris,health_effect_total,Ability to have children,Reproductive,2024,2024-01-01,2024-12-31,0.1229,sum of pollutant ratios,,,,,0.63468,*,,,,2026-08-11
Other Health Risks,Lynchburg Ferry [23] POC 2,48-201-1015,Harris,health_effect_total,Ability to have children,Reproductive,2025,2025-01-01,2025-12-31,0.2704,sum of pollutant ratios,,,,,0.78025,,,,,2026-08-11
Other Health Risks,Lynchburg Ferry [23] POC 2,48-201-1015,Harris,health_effect_total,Ability to have children,Reproductive,2026 YTD,2026-01-01,2026-08-11,0.1663,sum of pollutant ratios,,,,,0.7855,,,,,2026-08-11
Other Health Risks,Lynchburg Ferry [23] POC 2,48-201-1015,Harris,health_effect_total,Ability to have children,Reproductive,Aug 2026,2026-08-01,2026-08-31,0.2813,sum of pollutant ratios,,,,,0.89881,,,,,2026-08-11
Other Health Risks,Lynchburg Ferry [23] POC 2,48-201-1015,Harris,health_effect_total,Ability to have children,Reproductive,Last 365 Days,2025-08-11,2026-08-11,0.2348,sum of pollutant ratios,,,,,0.79599,,,,,2026-08-11
Other Health Risks,Lynchburg Ferry [23] POC 2,48-201-1015,Harris,health_effect_total,Blood,Hematological,2023,2023-01-01,2023-12-31,0.0061,sum of pollutant ratios,,,,,0.79349,,,,,2026-08-11
Other Health Risks,Lynchburg Ferry [23] POC 2,48-201-1015,Harris,health_effect_total,Blood,Hematological,2024,2024-01-01,2024-12-31,0.0059,sum of pollutant ratios,,,,,0.63012,*,,,,2026-08-11
Other Health Risks,Lynchburg Ferry [23] POC 2,48-201-1015,Harris,health_effect_total,Blood,Hematological,2025,2025-01-01,2025-12-31,0.0057,sum of pollutant ratios,,,,,0.73242,*,,,,2026-08-11
Other Health Risks,Lynchburg Ferry [23] POC 2,48-201-1015,Harris,health_effect_total,Blood,Hematological,2026 YTD,2026-01-01,2026-08-11,0.0041,sum of pollutant ratios,,,,,0.7741,,,,,2026-08-11
Other Health Risks,Lynchburg Ferry [23] POC 2,48-201-1015,Harris,health_effect_total,Blood,Hematological,Aug 2026,2026-08-01,2026-08-31,0.0064,sum of pollutant ratios,,,,,0.89881,,,,,2026-08-11
Other Health Risks,Lynchburg Ferry [23] POC 2,48-201-1015,Harris,health_effect_total,Blood,Hematological,Last 365 Days,2025-08-11,2026-08-11,0.0049,sum of pollutant ratios,,,,,0.77186,,,,,2026-08-11
Other Health Risks,Lynchburg Ferry [23] POC 2,48-201-1015,Harris,health_effect_total,Brain and nervous system,Nervous,2023,2023-01-01,2023-12-31,0.0271,sum of pollutant ratios,,,,,0.7871,,,,,2026-08-11
Other Health Risks,Lynchburg Ferry [23] POC 2,48-201-1015,Harris,health_effect_total,Brain and nervous system,Nervous,2024,2024-01-01,2024-12-31,0.0269,sum of pollutant ratios,,,,,0.62067,*,,,,2026-08-11
Other Health Risks,Lynchburg Ferry [23] POC 2,48-201-1015,Harris,health_effect_total,Brain and nervous system,Nervous,2025,2025-01-01,2025-12-31,0.0231,sum of pollutant ratios,,,,,0.73242,*,,,,2026-08-11
Other Health Risks,Lynchburg Ferry [23] POC 2,48-201-1015,Harris,health_effect_total,Brain and nervous system,Nervous,2026 YTD,2026-01-01,2026-08-11,0.0167,sum of pollutant ratios,,,,,0.7741,,,,,2026-08-11
Other Health Risks,Lynchburg Ferry [23] POC 2,48-201-1015,Harris,health_effect_total,Brain and nervous system,Nervous,Aug 2026,2026-08-01,2026-08-31,0.0241,sum of pollutant ratios,,,,,0.89881,,,,,2026-08-11
Other Health Risks,Lynchburg Ferry [23] POC 2,48-201-1015,Harris,health_effect_total,Brain and nervous system,Nervous,Last 365 Days,2025-08-11,2026-08-11,0.019,sum of pollutant ratios,,,,,0.77186,,,,,2026-08-11
Other Health Risks,Lynchburg Ferry [23] POC 2,48-201-1015,Harris,health_effect_total,Growth and development (children's),Developmental,2023,2023-01-01,2023-12-31,0.0083,sum of pollutant ratios,,,,,0.79338,,,,,2026-08-11
Other Health Risks,Lynchburg Ferry [23] POC 2,48-201-1015,Harris,health_effect_total,Growth and development (children's),Developmental,2024,2024-01-01,2024-12-31,0.0085,sum of pollutant ratios,,,,,0.63012,*,,,,2026-08-11
Other Health Risks,Lynchburg Ferry [23] POC 2,48-201-1015,Harris,health_effect_total,Growth and development (children's),Developmental,2025,2025-01-01,2025-12-31,0.0078,sum of pollutant ratios,,,,,0.73242,*,,,,2026-08-11
Other Health Risks,Lynchburg Ferry [23] POC 2,48-201-1015,Harris,health_effect_total,Growth and development (children's),Developmental,2026 YTD,2026-01-01,2026-08-11,0.0061,sum of pollutant ratios,,,,,0.7741,,,,,2026-08-11
Other Health Risks,Lynchburg Ferry [23] POC 2,48-201-1015,Harris,health_effect_total,Growth and development (children's),Developmental,Aug 2026,2026-08-01,2026-08-31,0.006,sum of pollutant ratios,,,,,0.89881,,,,,2026-08-11
Other Health Risks,Lynchburg Ferry [23] POC 2,48-201-1015,Harris,health_effect_total,Growth and development (children's),Developmental,Last 365 Days,2025-08-11,2026-08-11,0.0069,sum of pollutant ratios,,,,,0.77186,,,,,2026-08-11
Other Health Risks,Lynchburg Ferry [23] POC 2,48-201-1015,Harris,health_effect_total,Hormone system,Endocrine,2023,2023-01-01,2023-12-31,0.0002,sum of pollutant ratios,,,,,0.79429,,,,,2026-08-11
Other Health Risks,Lynchburg Ferry [23] POC 2,48-201-1015,Harris,health_effect_total,Hormone system,Endocrine,2024,2024-01-01,2024-12-31,0.0002,sum of pollutant ratios,,,,,0.63479,*,,,,2026-08-11
Other Health Risks,Lynchburg Ferry [23] POC 2,48-201-1015,Harris,health_effect_total,Hormone system,Endocrine,2025,2025-01-01,2025-12-31,0.0001,sum of pollutant ratios,,,,,0.76324,,,,,2026-08-11
Other Health Risks,Lynchburg Ferry [23] POC 2,48-201-1015,Harris,health_effect_total,Hormone system,Endocrine,2026 YTD,2026-01-01,2026-08-11,0.0001,sum of pollutant ratios,,,,,0.7855,,,,,2026-08-11
Other Health Risks,Lynchburg Ferry [23] POC 2,48-201-1015,Harris,health_effect_total,Hormone system,Endocrine,Aug 2026,2026-08-01,2026-08-31,0.0001,sum of pollutant ratios,,,,,0.89881,,,,,2026-08-11
Other Health Risks,Lynchburg Ferry [23] POC 2,48-201-1015,Harris,health_effect_total,Hormone system,Endocrine,Last 365 Days,2025-08-11,2026-08-11,0.0001,sum of pollutant ratios,,,,,0.77892,,,,,2026-08-11
Other Health Risks,Lynchburg Ferry [23] POC 2,48-201-1015,Harris,health_effect_total,Immune system,Immune,2023,2023-01-01,2023-12-31,0.088,sum of pollutant ratios,,,,,0.79429,,,,,2026-08-11
Other Health Risks,Lynchburg Ferry [23] POC 2,48-201-1015,Harris,health_effect_total,Immune system,Immune,2024,2024-01-01,2024-12-31,0.0725,sum of pollutant ratios,,,,,0.63479,*,,,,2026-08-11
Other Health Risks,Lynchburg Ferry [23] POC 2,48-201-1015,Harris,health_effect_total,Immune system,Immune,2025,2025-01-01,2025-12-31,0.0641,sum of pollutant ratios,,,,,0.76233,,,,,2026-08-11
Other Health Risks,Lynchburg Ferry [23] POC 2,48-201-1015,Harris,health_effect_total,Immune system,Immune,2026 YTD,2026-01-01,2026-08-11,0.0706,sum of pollutant ratios,,,,,0.7855,,,,,2026-08-11
Other Health Risks,Lynchburg Ferry [23] POC 2,48-201-1015,Harris,health_effect_total,Immune system,Immune,Aug 2026,2026-08-01,2026-08-31,0.0849,sum of pollutant ratios,,,,,0.89881,,,,,2026-08-11
Other Health Risks,Lynchburg Ferry [23] POC 2,48-201-1015,Harris,health_effect_total,Immune system,Immune,Last 365 Days,2025-08-11,2026-08-11,0.0699,sum of pollutant ratios,,,,,0.77801,,,,,2026-08-11
Other Health Risks,Lynchburg Ferry [23] POC 2,48-201-1015,Harris,health_effect_total,Kidneys and urinary system,Urinary,2023,2023-01-01,2023-12-31,0.0009,sum of pollutant ratios,,,,,0.79429,,,,,2026-08-11
Other Health Risks,Lynchburg Ferry [23] POC 2,48-201-1015,Harris,health_effect_total,Kidneys and urinary system,Urinary,2024,2024-01-01,2024-12-31,0.0009,sum of pollutant ratios,,,,,0.63479,*,,,,2026-08-11
Other Health Risks,Lynchburg Ferry [23] POC 2,48-201-1015,Harris,health_effect_total,Kidneys and urinary system,Urinary,2025,2025-01-01,2025-12-31,0.0008,sum of pollutant ratios,,,,,0.76324,,,,,2026-08-11
Other Health Risks,Lynchburg Ferry [23] POC 2,48-201-1015,Harris,health_effect_total,Kidneys and urinary system,Urinary,2026 YTD,2026-01-01,2026-08-11,0.0006,sum of pollutant ratios,,,,,0.7855,,,,,2026-08-11
Other Health Risks,Lynchburg Ferry [23] POC 2,48-201-1015,Harris,health_effect_total,Kidneys and urinary system,Urinary,Aug 2026,2026-08-01,2026-08-31,0.0007,sum of pollutant ratios,,,,,0.89881,,,,,2026-08-11
Other Health Risks,Lynchburg Ferry [23] POC 2,48-201-1015,Harris,health_effect_total,Kidneys and urinary system,Urinary,Last 365 Days,2025-08-11,2026-08-11,0.0007,sum of pollutant ratios,,,,,0.77892,,,,,2026-08-11
Other Health Risks,Lynchburg Ferry [23] POC 2,48-201-1015,Harris,health_effect_total,Liver,Hepatic,2023,2023-01-01,2023-12-31,0.0009,sum of pollutant ratios,,,,,0.79406,,,,,2026-08-11
Other Health Risks,Lynchburg Ferry [23] POC 2,48-201-1015,Harris,health_effect_total,Liver,Hepatic,2024,2024-01-01,2024-12-31,0.0007,sum of pollutant ratios,,,,,0.63479,*,,,,2026-08-11
Other Health Risks,Lynchburg Ferry [23] POC 2,48-201-1015,Harris,health_effect_total,Liver,Hepatic,2025,2025-01-01,2025-12-31,0.0007,sum of pollutant ratios,,,,,0.76324,,,,,2026-08-11
Other Health Risks,Lynchburg Ferry [23] POC 2,48-201-1015,Harris,health_effect_total,Liver,Hepatic,2026 YTD,2026-01-01,2026-08-11,0.0004,sum of pollutant ratios,,,,,0.7855,,,,,2026-08-11
Other Health Risks,Lynchburg Ferry [23] POC 2,48-201-1015,Harris,health_effect_total,Liver,Hepatic,Aug 2026,2026-08-01,2026-08-31,0.0004,sum of pollutant ratios,,,,,0.89881,,,,,2026-08-11
Other Health Risks,Lynchburg Ferry [23] POC 2,48-201-1015,Harris,health_effect_total,Liver,Hepatic,Last 365 Days,2025-08-11,2026-08-11,0.0006,sum of pollutant ratios,,,,,0.77892,,,,,2026-08-11
Other Health Risks,Lynchburg Ferry [23] POC 2,48-201-1015,Harris,health_effect_total,Lungs & breathing,Respiratory,2023,2023-01-01,2023-12-31,0.0056,sum of pollutant ratios,,,,,0.79349,,,,,2026-08-11
Other Health Risks,Lynchburg Ferry [23] POC 2,48-201-1015,Harris,health_effect_total,Lungs & breathing,Respiratory,2024,2024-01-01,2024-12-31,0.0055,sum of pollutant ratios,,,,,0.63012,*,,,,2026-08-11
Other Health Risks,Lynchburg Ferry [23] POC 2,48-201-1015,Harris,health_effect_total,Lungs & breathing,Respiratory,2025,2025-01-01,2025-12-31,0.0053,sum of pollutant ratios,,,,,0.73242,*,,,,2026-08-11
Other Health Risks,Lynchburg Ferry [23] POC 2,48-201-1015,Harris,health_effect_total,Lungs & breathing,Respiratory,2026 YTD,2026-01-01,2026-08-11,0.004,sum of pollutant ratios,,,,,0.7741,,,,,2026-08-11
Other Health Risks,Lynchburg Ferry [23] POC 2,48-201-1015,Harris,health_effect_total,Lungs & breathing,Respiratory,Aug 2026,2026-08-01,2026-08-31,0.0063,sum of pollutant ratios,,,,,0.89881,,,,,2026-08-11
Other Health Risks,Lynchburg Ferry [23] POC 2,48-201-1015,Harris,health_effect_total,Lungs & breathing,Respiratory,Last 365 Days,2025-08-11,2026-08-11,0.0046,sum of pollutant ratios,,,,,0.77186,,,,,2026-08-11
Other Health Risks,Lynchburg Ferry [23] POC 2,48-201-1015,Harris,pollutant,"1,2,3-Trimethylbenzene","Hematological, Nervous, Respiratory",2023,2023-01-01,2023-12-31,,mean ÷ screening level,,,,,,,,,,2026-08-11
Other Health Risks,Lynchburg Ferry [23] POC 2,48-201-1015,Harris,pollutant,"1,2,3-Trimethylbenzene","Hematological, Nervous, Respiratory",2024,2024-01-01,2024-12-31,,mean ÷ screening level,,,,,,,,,,2026-08-11
Other Health Risks,Lynchburg Ferry [23] POC 2,48-201-1015,Harris,pollutant,"1,2,3-Trimethylbenzene","Hematological, Nervous, Respiratory",2025,2025-01-01,2025-12-31,,mean ÷ screening level,,,,,,,,,,2026-08-11
Other Health Risks,Lynchburg Ferry [23] POC 2,48-201-1015,Harris,pollutant,"1,2,3-Trimethylbenzene","Hematological, Nervous, Respiratory",2026 YTD,2026-01-01,2026-08-11,,mean ÷ screening level,,,,,,,,,,2026-08-11
Other Health Risks,Lynchburg Ferry [23] POC 2,48-201-1015,Harris,pollutant,"1,2,3-Trimethylbenzene","Hematological, Nervous, Respiratory",Aug 2026,2026-08-01,2026-08-31,0.0023,mean of weekly means ÷ screening level,0.02967,12.81596,453.0,3.0,0.89881,,,,,2026-08-11
Other Health Risks,Lynchburg Ferry [23] POC 2,48-201-1015,Harris,pollutant,"1,2,3-Trimethylbenzene","Hematological, Nervous, Respiratory",Last 365 Days,2025-08-11,2026-08-11,,mean ÷ screening level,,,,,,,,,,2026-08-11
Other Health Risks,Lynchburg Ferry [23] POC 2,48-201-1015,Harris,pollutant,"1,2,4-Trimethylbenzene","Hematological, Nervous, Developmental, Respiratory",2023,2023-01-01,2023-12-31,0.0056,mean ÷ screening level,0.07174,12.81596,6951.0,,0.79349,,,,,2026-08-11
Other Health Risks,Lynchburg Ferry [23] POC 2,48-201-1015,Harris,pollutant,"1,2,4-Trimethylbenzene","Hematological, Nervous, Developmental, Respiratory",2024,2024-01-01,2024-12-31,0.0055,mean ÷ screening level,0.07051,12.81596,5535.0,,0.63012,*,,,,2026-08-11
Other Health Risks,Lynchburg Ferry [23] POC 2,48-201-1015,Harris,pollutant,"1,2,4-Trimethylbenzene","Hematological, Nervous, Developmental, Respiratory",2025,2025-01-01,2025-12-31,0.0053,mean ÷ screening level,0.06753,12.81596,6416.0,,0.73242,*,,,,2026-08-11
Other Health Risks,Lynchburg Ferry [23] POC 2,48-201-1015,Harris,pollutant,"1,2,4-Trimethylbenzene","Hematological, Nervous, Developmental, Respiratory",2026 YTD,2026-01-01,2026-08-11,0.004,mean ÷ screening level,0.05084,12.81596,4143.0,,0.7741,,,,,2026-08-11
Other Health Risks,Lynchburg Ferry [23] POC 2,48-201-1015,Harris,pollutant,"1,2,4-Trimethylbenzene","Hematological, Nervous, Developmental, Respiratory",Aug 2026,2026-08-01,2026-08-31,0.004,mean of weekly means ÷ screening level,0.05073,12.81596,604.0,4.0,0.89881,,,,,2026-08-11
Other Health Risks,Lynchburg Ferry [23] POC 2,48-201-1015,Harris,pollutant,"1,2,4-Trimethylbenzene","Hematological, Nervous, Developmental, Respiratory",Last 365 Days,2025-08-11,2026-08-11,0.0046,mean ÷ screening level,0.0585,12.81596,6780.0,,0.77186,,,,,2026-08-11
Other Health Risks,Lynchburg Ferry [23] POC 2,48-201-1015,Harris,pollutant,"1,3,5-Trimethylbenzene","Developmental, Nervous",2023,2023-01-01,2023-12-31,0.0022,mean ÷ screening level,0.02852,12.81596,6958.0,,0.79429,,,,,2026-08-11
Other Health Risks,Lynchburg Ferry [23] POC 2,48-201-1015,Harris,pollutant,"1,3,5-Trimethylbenzene","Developmental, Nervous",2024,2024-01-01,2024-12-31,0.0024,mean ÷ screening level,0.03089,12.81596,5576.0,,0.63479,*,,,,2026-08-11
Other Health Risks,Lynchburg Ferry [23] POC 2,48-201-1015,Harris,pollutant,"1,3,5-Trimethylbenzene","Developmental, Nervous",2025,2025-01-01,2025-12-31,0.0021,mean ÷ screening level,0.02652,12.81596,6440.0,,0.73516,*,,,,2026-08-11
Other Health Risks,Lynchburg Ferry [23] POC 2,48-201-1015,Harris,pollutant,"1,3,5-Trimethylbenzene","Developmental, Nervous",2026 YTD,2026-01-01,2026-08-11,0.0018,mean ÷ screening level,0.02275,12.81596,4161.0,,0.77747,,,,,2026-08-11
Other Health Risks,Lynchburg Ferry [23] POC 2,48-201-1015,Harris,pollutant,"1,3,5-Trimethylbenzene","Developmental, Nervous",Aug 2026,2026-08-01,2026-08-31,0.0017,mean of weekly means ÷ screening level,0.02159,12.81596,302.0,2.0,0.89881,,,,,2026-08-11
Other Health Risks,Lynchburg Ferry [23] POC 2,48-201-1015,Harris,pollutant,"1,3,5-Trimethylbenzene","Developmental, Nervous",Last 365 Days,2025-08-11,2026-08-11,0.0019,mean ÷ screening level,0.02423,12.81596,6799.0,,0.77402,,,,,2026-08-11
Other Health Risks,Lynchburg Ferry [23] POC 2,48-201-1015,Harris,pollutant,"1,3-Butadiene",Reproductive,2023,2023-01-01,2023-12-31,0.1505,mean ÷ screening level,0.14285,0.94925,6954.0,,0.79384,,,,,2026-08-11
Other Health Risks,Lynchburg Ferry [23] POC 2,48-201-1015,Harris,pollutant,"1,3-Butadiene",Reproductive,2024,2024-01-01,2024-12-31,0.1229,mean ÷ screening level,0.11663,0.94925,5575.0,,0.63468,*,,,,2026-08-11
Other Health Risks,Lynchburg Ferry [23] POC 2,48-201-1015,Harris,pollutant,"1,3-Butadiene",Reproductive,2025,2025-01-01,2025-12-31,0.2704,mean ÷ screening level,0.2567,0.94925,6835.0,,0.78025,,,,,2026-08-11
Other Health Risks,Lynchburg Ferry [23] POC 2,48-201-1015,Harris,pollutant,"1,3-Butadiene",Reproductive,2026 YTD,2026-01-01,2026-08-11,0.1663,mean ÷ screening level,0.1579,0.94925,4204.0,,0.7855,,,,,2026-08-11
Other Health Risks,Lynchburg Ferry [23] POC 2,48-201-1015,Harris,pollutant,"1,3-Butadiene",Reproductive,Aug 2026,2026-08-01,2026-08-31,0.2813,mean of weekly means ÷ screening level,0.26702,0.94925,151.0,1.0,0.89881,,,,,2026-08-11
Other Health Risks,Lynchburg Ferry [23] POC 2,48-201-1015,Harris,pollutant,"1,3-Butadiene",Reproductive,Last 365 Days,2025-08-11,2026-08-11,0.2348,mean ÷ screening level,0.22286,0.94925,6992.0,,0.79599,,,,,2026-08-11
Other Health Risks,Lynchburg Ferry [23] POC 2,48-201-1015,Harris,pollutant,Benzene,Immune,2023,2023-01-01,2023-12-31,0.088,mean ÷ screening level,0.85426,9.70362,6958.0,,0.79429,,,,,2026-08-11
Other Health Risks,Lynchburg Ferry [23] POC 2,48-201-1015,Harris,pollutant,Benzene,Immune,2024,2024-01-01,2024-12-31,0.0725,mean ÷ screening level,0.70354,9.70362,5576.0,,0.63479,*,,,,2026-08-11
Other Health Risks,Lynchburg Ferry [23] POC 2,48-201-1015,Harris,pollutant,Benzene,Immune,2025,2025-01-01,2025-12-31,0.0641,mean ÷ screening level,0.62174,9.70362,6678.0,,0.76233,,,,,2026-08-11
Other Health Risks,Lynchburg Ferry [23] POC 2,48-201-1015,Harris,pollutant,Benzene,Immune,2026 YTD,2026-01-01,2026-08-11,0.0706,mean ÷ screening level,0.68531,9.70362,4204.0,,0.7855,,,,,2026-08-11
Other Health Risks,Lynchburg Ferry [23] POC 2,48-201-1015,Harris,pollutant,Benzene,Immune,Aug 2026,2026-08-01,2026-08-31,0.0849,mean of weekly means ÷ screening level,0.82377,9.70362,151.0,1.0,0.89881,,,,,2026-08-11
Other Health Risks,Lynchburg Ferry [23] POC 2,48-201-1015,Harris,pollutant,Benzene,Immune,Last 365 Days,2025-08-11,2026-08-11,0.0699,mean ÷ screening level,0.67813,9.70362,6834.0,,0.77801,,,,,2026-08-11
Other Health Risks,Lynchburg Ferry [23] POC 2,48-201-1015,Harris,pollutant,Cyclohexane,Developmental,2023,2023-01-01,2023-12-31,0.0001,mean ÷ screening level,0.2452,1830.26,6950.0,,0.79338,,,,,2026-08-11
Other Health Risks,Lynchburg Ferry [23] POC 2,48-201-1015,Harris,pollutant,Cyclohexane,Developmental,2024,2024-01-01,2024-12-31,0.0002,mean ÷ screening level,0.34874,1830.26,5567.0,,0.63377,*,,,,2026-08-11
Other Health Risks,Lynchburg Ferry [23] POC 2,48-201-1015,Harris,pollutant,Cyclohexane,Developmental,2025,2025-01-01,2025-12-31,0.0001,mean ÷ screening level,0.21988,1830.26,6686.0,,0.76324,,,,,2026-08-11
Other Health Risks,Lynchburg Ferry [23] POC 2,48-201-1015,Harris,pollutant,Cyclohexane,Developmental,2026 YTD,2026-01-01,2026-08-11,0.0001,mean ÷ screening level,0.17379,1830.26,4204.0,,0.7855,,,,,2026-08-11
Other Health Risks,Lynchburg Ferry [23] POC 2,48-201-1015,Harris,pollutant,Cyclohexane,Developmental,Aug 2026,2026-08-01,2026-08-31,0.0001,mean of weekly means ÷ screening level,0.14801,1830.26,151.0,1.0,0.89881,,,,,2026-08-11
Other Health Risks,Lynchburg Ferry [23] POC 2,48-201-1015,Harris,pollutant,Cyclohexane,Developmental,Last 365 Days,2025-08-11,2026-08-11,0.0001,mean ÷ screening level,0.21152,1830.26,6842.0,,0.77892,,,,,2026-08-11
Other Health Risks,Lynchburg Ferry [23] POC 2,48-201-1015,Harris,pollutant,Ethyl Benzene,"Developmental, Hepatic, Urinary",2023,2023-01-01,2023-12-31,0.0004,mean ÷ screening level,0.09049,230.29755,6958.0,,0.79429,,,,,2026-08-11
Other Health Risks,Lynchburg Ferry [23] POC 2,48-201-1015,Harris,pollutant,Ethyl Benzene,"Developmental, Hepatic, Urinary",2024,2024-01-01,2024-12-31,0.0004,mean ÷ screening level,0.08409,230.29755,5576.0,,0.63479,*,,,,2026-08-11
Other Health Risks,Lynchburg Ferry [23] POC 2,48-201-1015,Harris,pollutant,Ethyl Benzene,"Developmental, Hepatic, Urinary",2025,2025-01-01,2025-12-31,0.0003,mean ÷ screening level,0.07541,230.29755,6686.0,,0.76324,,,,,2026-08-11
Other Health Risks,Lynchburg Ferry [23] POC 2,48-201-1015,Harris,pollutant,Ethyl Benzene,"Developmental, Hepatic, Urinary",2026 YTD,2026-01-01,2026-08-11,0.0002,mean ÷ screening level,0.05616,230.29755,4204.0,,0.7855,,,,,2026-08-11
Other Health Risks,Lynchburg Ferry [23] POC 2,48-201-1015,Harris,pollutant,Ethyl Benzene,"Developmental, Hepatic, Urinary",Aug 2026,2026-08-01,2026-08-31,0.0003,mean of weekly means ÷ screening level,0.06689,230.29755,453.0,3.0,0.89881,,,,,2026-08-11
Other Health Risks,Lynchburg Ferry [23] POC 2,48-201-1015,Harris,pollutant,Ethyl Benzene,"Developmental, Hepatic, Urinary",Last 365 Days,2025-08-11,2026-08-11,0.0003,mean ÷ screening level,0.06834,230.29755,6842.0,,0.77892,,,,,2026-08-11
Other Health Risks,Lynchburg Ferry [23] POC 2,48-201-1015,Harris,pollutant,Isopropyl Benzene - Cumene,"Endocrine, Urinary",2023,2023-01-01,2023-12-31,0.0002,mean ÷ screening level,0.01804,85.43972,6958.0,,0.79429,,,,,2026-08-11
Other Health Risks,Lynchburg Ferry [23] POC 2,48-201-1015,Harris,pollutant,Isopropyl Benzene - Cumene,"Endocrine, Urinary",2024,2024-01-01,2024-12-31,0.0002,mean ÷ screening level,0.02083,85.43972,5576.0,,0.63479,*,,,,2026-08-11
Other Health Risks,Lynchburg Ferry [23] POC 2,48-201-1015,Harris,pollutant,Isopropyl Benzene - Cumene,"Endocrine, Urinary",2025,2025-01-01,2025-12-31,0.0001,mean ÷ screening level,0.01211,85.43972,6686.0,,0.76324,,,,,2026-08-11
Other Health Risks,Lynchburg Ferry [23] POC 2,48-201-1015,Harris,pollutant,Isopropyl Benzene - Cumene,"Endocrine, Urinary",2026 YTD,2026-01-01,2026-08-11,0.0001,mean ÷ screening level,0.00868,85.43972,4204.0,,0.7855,,,,,2026-08-11
Other Health Risks,Lynchburg Ferry [23] POC 2,48-201-1015,Harris,pollutant,Isopropyl Benzene - Cumene,"Endocrine, Urinary",Aug 2026,2026-08-01,2026-08-31,0.0001,mean of weekly means ÷ screening level,0.00841,85.43972,302.0,2.0,0.89881,,,,,2026-08-11
Other Health Risks,Lynchburg Ferry [23] POC 2,48-201-1015,Harris,pollutant,Isopropyl Benzene - Cumene,"Endocrine, Urinary",Last 365 Days,2025-08-11,2026-08-11,0.0001,mean ÷ screening level,0.01121,85.43972,6842.0,,0.77892,,,,,2026-08-11
Other Health Risks,Lynchburg Ferry [23] POC 2,48-201-1015,Harris,pollutant,Styrene,"Hematological, Hepatic, Nervous",2023,2023-01-01,2023-12-31,0.0005,mean ÷ screening level,0.1089,234.75756,6956.0,,0.79406,,,,,2026-08-11
Other Health Risks,Lynchburg Ferry [23] POC 2,48-201-1015,Harris,pollutant,Styrene,"Hematological, Hepatic, Nervous",2024,2024-01-01,2024-12-31,0.0004,mean ÷ screening level,0.08516,234.75756,5576.0,,0.63479,*,,,,2026-08-11
Other Health Risks,Lynchburg Ferry [23] POC 2,48-201-1015,Harris,pollutant,Styrene,"Hematological, Hepatic, Nervous",2025,2025-01-01,2025-12-31,0.0004,mean ÷ screening level,0.0935,234.75756,6686.0,,0.76324,,,,,2026-08-11
Other Health Risks,Lynchburg Ferry [23] POC 2,48-201-1015,Harris,pollutant,Styrene,"Hematological, Hepatic, Nervous",2026 YTD,2026-01-01,2026-08-11,0.0002,mean ÷ screening level,0.04276,234.75756,4204.0,,0.7855,,,,,2026-08-11
Other Health Risks,Lynchburg Ferry [23] POC 2,48-201-1015,Harris,pollutant,Styrene,"Hematological, Hepatic, Nervous",Aug 2026,2026-08-01,2026-08-31,0.0001,mean of weekly means ÷ screening level,0.03258,234.75756,453.0,3.0,0.89881,,,,,2026-08-11
Other Health Risks,Lynchburg Ferry [23] POC 2,48-201-1015,Harris,pollutant,Styrene,"Hematological, Hepatic, Nervous",Last 365 Days,2025-08-11,2026-08-11,0.0003,mean ÷ screening level,0.08055,234.75756,6842.0,,0.77892,,,,,2026-08-11
Other Health Risks,Lynchburg Ferry [23] POC 2,48-201-1015,Harris,pollutant,Toluene,"Nervous, Urinary",2023,2023-01-01,2023-12-31,0.0003,mean ÷ screening level,0.40012,1379.85674,6958.0,,0.79429,,,,,2026-08-11
Other Health Risks,Lynchburg Ferry [23] POC 2,48-201-1015,Harris,pollutant,Toluene,"Nervous, Urinary",2024,2024-01-01,2024-12-31,0.0003,mean ÷ screening level,0.4161,1379.85674,5576.0,,0.63479,*,,,,2026-08-11
Other Health Risks,Lynchburg Ferry [23] POC 2,48-201-1015,Harris,pollutant,Toluene,"Nervous, Urinary",2025,2025-01-01,2025-12-31,0.0003,mean ÷ screening level,0.40753,1379.85674,6686.0,,0.76324,,,,,2026-08-11
Other Health Risks,Lynchburg Ferry [23] POC 2,48-201-1015,Harris,pollutant,Toluene,"Nervous, Urinary",2026 YTD,2026-01-01,2026-08-11,0.0003,mean ÷ screening level,0.37614,1379.85674,4204.0,,0.7855,,,,,2026-08-11
Other Health Risks,Lynchburg Ferry [23] POC 2,48-201-1015,Harris,pollutant,Toluene,"Nervous, Urinary",Aug 2026,2026-08-01,2026-08-31,0.0003,mean of weekly means ÷ screening level,0.44205,1379.85674,302.0,2.0,0.89881,,,,,2026-08-11
Other Health Risks,Lynchburg Ferry [23] POC 2,48-201-1015,Harris,pollutant,Toluene,"Nervous, Urinary",Last 365 Days,2025-08-11,2026-08-11,0.0003,mean ÷ screening level,0.40695,1379.85674,6842.0,,0.77892,,,,,2026-08-11
Other Health Risks,Lynchburg Ferry [23] POC 2,48-201-1015,Harris,pollutant,n-Hexane,Nervous,2023,2023-01-01,2023-12-31,0.0031,mean ÷ screening level,0.63708,207.10722,6895.0,,0.7871,,,,,2026-08-11
Other Health Risks,Lynchburg Ferry [23] POC 2,48-201-1015,Harris,pollutant,n-Hexane,Nervous,2024,2024-01-01,2024-12-31,0.0026,mean ÷ screening level,0.53251,207.10722,5452.0,,0.62067,*,,,,2026-08-11
Other Health Risks,Lynchburg Ferry [23] POC 2,48-201-1015,Harris,pollutant,n-Hexane,Nervous,2025,2025-01-01,2025-12-31,0.0025,mean ÷ screening level,0.51347,207.10722,6668.0,,0.76119,,,,,2026-08-11
Other Health Risks,Lynchburg Ferry [23] POC 2,48-201-1015,Harris,pollutant,n-Hexane,Nervous,2026 YTD,2026-01-01,2026-08-11,,mean ÷ screening level,,,,,,,,,,2026-08-11
Other Health Risks,Lynchburg Ferry [23] POC 2,48-201-1015,Harris,pollutant,n-Hexane,Nervous,Aug 2026,2026-08-01,2026-08-31,0.0032,mean of weekly means ÷ screening level,0.67079,207.10722,151.0,1.0,0.89881,,,,,2026-08-11
Other Health Risks,Lynchburg Ferry [23] POC 2,48-201-1015,Harris,pollutant,n-Hexane,Nervous,Last 365 Days,2025-08-11,2026-08-11,,mean ÷ screening level,,,,,,,,,,2026-08-11
Other Health Risks,Lynchburg Ferry [23] POC 2,48-201-1015,Harris,pollutant,o-Xylene,Nervous,2023,2023-01-01,2023-12-31,0.004,mean ÷ screening level,0.0912,23.03,6953.0,,0.79372,,,,,2026-08-11
Other Health Risks,Lynchburg Ferry [23] POC 2,48-201-1015,Harris,pollutant,o-Xylene,Nervous,2024,2024-01-01,2024-12-31,0.0037,mean ÷ screening level,0.08539,23.03,5575.0,,0.63468,*,,,,2026-08-11
Other Health Risks,Lynchburg Ferry [23] POC 2,48-201-1015,Harris,pollutant,o-Xylene,Nervous,2025,2025-01-01,2025-12-31,0.0032,mean ÷ screening level,0.07407,23.03,6685.0,,0.76313,,,,,2026-08-11
Other Health Risks,Lynchburg Ferry [23] POC 2,48-201-1015,Harris,pollutant,o-Xylene,Nervous,2026 YTD,2026-01-01,2026-08-11,0.0025,mean ÷ screening level,0.05772,23.03,4204.0,,0.7855,,,,,2026-08-11
Other Health Risks,Lynchburg Ferry [23] POC 2,48-201-1015,Harris,pollutant,o-Xylene,Nervous,Aug 2026,2026-08-01,2026-08-31,0.0031,mean of weekly means ÷ screening level,0.0704,23.03,151.0,1.0,0.89881,,,,,2026-08-11
Other Health Risks,Lynchburg Ferry [23] POC 2,48-201-1015,Harris,pollutant,o-Xylene,Nervous,Last 365 Days,2025-08-11,2026-08-11,0.0029,mean ÷ screening level,0.06692,23.03,6842.0,,0.77892,,,,,2026-08-11
Other Health Risks,Lynchburg Ferry [23] POC 2,48-201-1015,Harris,pollutant,p-Xylene + m-Xylene,Nervous,2023,2023-01-01,2023-12-31,0.0115,mean ÷ screening level,0.26482,23.03127,6958.0,,0.79429,,,,,2026-08-11
Other Health Risks,Lynchburg Ferry [23] POC 2,48-201-1015,Harris,pollutant,p-Xylene + m-Xylene,Nervous,2024,2024-01-01,2024-12-31,0.012,mean ÷ screening level,0.27719,23.03127,5576.0,,0.63479,*,,,,2026-08-11
Other Health Risks,Lynchburg Ferry [23] POC 2,48-201-1015,Harris,pollutant,p-Xylene + m-Xylene,Nervous,2025,2025-01-01,2025-12-31,0.0094,mean ÷ screening level,0.21635,23.03127,6667.0,,0.76107,,,,,2026-08-11
Other Health Risks,Lynchburg Ferry [23] POC 2,48-201-1015,Harris,pollutant,p-Xylene + m-Xylene,Nervous,2026 YTD,2026-01-01,2026-08-11,0.008,mean ÷ screening level,0.18493,23.03127,4186.0,,0.78214,,,,,2026-08-11
Other Health Risks,Lynchburg Ferry [23] POC 2,48-201-1015,Harris,pollutant,p-Xylene + m-Xylene,Nervous,Aug 2026,2026-08-01,2026-08-31,0.0094,mean of weekly means ÷ screening level,0.21603,23.03127,151.0,1.0,0.89881,,,,,2026-08-11
Other Health Risks,Lynchburg Ferry [23] POC 2,48-201-1015,Harris,pollutant,p-Xylene + m-Xylene,Nervous,Last 365 Days,2025-08-11,2026-08-11,0.009,mean ÷ screening level,0.20674,23.03127,6824.0,,0.77687,,,,,2026-08-11
Other Health Risks,Lynchburg Ferry [23] POC 2,48-201-1015,Harris,total,Total,,2023,2023-01-01,2023-12-31,0.2664,sum of pollutant ratios,,,,,0.7871,,,,,2026-08-11
Other Health Risks,Lynchburg Ferry [23] POC 2,48-201-1015,Harris,total,Total,,2024,2024-01-01,2024-12-31,0.2231,sum of pollutant ratios,,,,,0.62067,*,,,,2026-08-11
Other Health Risks,Lynchburg Ferry [23] POC 2,48-201-1015,Harris,total,Total,,2025,2025-01-01,2025-12-31,0.3582,sum of pollutant ratios,,,,,0.73242,*,,,,2026-08-11
Other Health Risks,Lynchburg Ferry [23] POC 2,48-201-1015,Harris,total,Total,,2026 YTD,2026-01-01,2026-08-11,0.2541,sum of pollutant ratios,,,,,0.7741,,,,,2026-08-11
Other Health Risks,Lynchburg Ferry [23] POC 2,48-201-1015,Harris,total,Total,,Aug 2026,2026-08-01,2026-08-31,0.3908,sum of pollutant ratios,,,,,0.89881,,,,,2026-08-11
Other Health Risks,Lynchburg Ferry [23] POC 2,48-201-1015,Harris,total,Total,,Last 365 Days,2025-08-11,2026-08-11,0.3242,sum of pollutant ratios,,,,,0.77186,,,,,2026-08-11
